ps_name,address,create_time
朝阳康恒再生能源有限公司,辽宁省朝阳市双塔区工业园区3号街以西4号路以北,2023-11-06 12:10:01
西宁深能湟水环保有限公司,青海省西宁市大通县上孙家寨黑沟村,2023-07-06 12:10:01
温州龙湾伟明环保能源有限公司,温州市龙湾区永中度山村,2020-01-15 10:00:00
哈尔滨市双琦环保资源利用有限公司,哈尔滨市香坊区哈成路261号,2020-01-15 10:00:00
泰州京城环保产业有限公司,兴化市昌荣镇存德村,2020-03-03 09:36:20
光大城乡再生能源（灌云）有限公司,灌云县经济开发区浙江中路南侧,2020-01-15 10:00:00
玉环伟明环保能源有限公司,玉环市玉城街道西滩村小滩,2020-01-15 10:00:00
滁州皖能环保电力有限公司,安徽省滁州市琅琊区扬子办雷桥村东田郢村名组,2020-01-15 10:00:00
上海维皓再生能源有限公司,柘林镇漴缺村1490号,2022-06-29 09:35:05
清远市中田新能源有限公司,广东省清远市清城区飞来峡镇清远市中田新能源有限公司,2021-09-18 09:35:15
威海艾山环境再生能源有限公司,威海市环翠区张村镇前双岛村东南,2022-07-29 09:35:02
五莲新能环保发电有限公司,山东省日照市五莲县许孟镇山王庄村东北,2020-01-15 10:00:00
北京首钢生物质能源科技有限公司,北京市门头沟区潭柘寺镇鲁家山首钢鲁矿南区,2020-01-15 10:00:00
成都三峰环保发电有限公司,成都市双流县九江镇大井社区,2020-01-15 10:00:00
赤峰市三峰环保能源有限公司,赤峰市红山区曲家沟卫生填埋场南侧,2020-12-18 09:35:02
景洪嘉盛新能源有限公司,云南省西双版纳傣族自治州景洪市世纪金源览江苑1栋1单元1002,2023-11-20 12:10:04
弋阳海创环境能源有限责任公司,江西省弋阳县南岩镇宝峰村,2020-04-07 17:43:18
泸州川能环保能源发电有限公司,四川省-泸州市-古蔺县-箭竹苗族乡-团结村五组,2021-03-26 09:35:03
扬州泰达环保有限公司,扬州市邗江区杨庙镇赵庄村环保大道1号,2020-01-15 10:00:00
天津绿色动力再生能源有限公司,天津市蓟县别山镇西九户村东北1000米,2020-01-15 10:00:00
威海环文再生能源有限公司,威海市文登区张家产镇天沐路2号,2020-03-31 09:35:02
黄山泰达环保有限公司,黄山市徽州区循环经济园泰兴路99号,2020-01-15 10:00:00
光大城乡再生能源（淮安）有限公司,淮安市淮阴区淮河东路707号,2020-02-13 09:20:15
朗坤环保能源（茂名）有限公司,高州市金山开发区金辉西路西南,2021-08-24 09:35:04
赣州南康区恩菲环保能源有限公司,江西省赣州市南康区龙回镇半岭村上陈坑垃圾填埋场副坝西边,2023-05-24 12:10:01
光大环保能源（太康）有限公司,太康县毛庄镇产业集聚区纺织路东侧,2020-01-15 10:00:00
枣庄中电环保发电有限公司,山东省枣庄市台儿庄区开发区台中路北侧研发楼308室,2022-11-25 09:35:03
葫芦岛绿动环保有限公司,辽宁省葫芦岛市连山区塔山乡信家屯村葫金公路-信135,2023-06-27 12:10:01
湖州南太湖环保能源有限公司,浙江省湖州市南浔区和孚镇,2020-01-15 10:00:00
新化县垃圾焚烧发电厂（光大环保）,新化县油溪乡兴白村太吉冲组,2022-01-20 09:35:03
庆阳圣元环保电力有限公司,甘肃省庆阳市西峰区肖金镇胡同村生活垃圾焚烧发电厂,2020-06-15 19:03:59
临泉皖能环保电力有限公司,临泉县牛庄乡应湾村,2020-01-15 10:00:00
昆明海创环境工程有限责任公司,云南省昆明市嵩明县小街镇大桥村小药灵山,2020-09-18 09:35:02
延吉天楹环保能源有限公司,延吉市小营镇小营村,2020-01-15 10:00:00
福州红庙岭垃圾焚烧发电有限公司,福州晋安区新店镇红庙岭2号,2020-01-15 10:00:00
北京环卫集团房山有限公司生物质能源科技分公司（垃圾焚烧厂）,北京市房山区佛子庄乡陈家坟村村委会北4000米,2022-03-04 09:35:03
苍南伟明环保能源有限公司,浙江省苍南县龙港镇中对口村灵宜公路以南七字山以北,2020-01-15 10:00:00
慈溪中科众茂环保热电有限公司,浙江省宁波市慈溪市慈溪滨海经济开发区方淞线1188号,2020-01-15 10:00:00
临沂恒泰新能源有限公司,沂南县大庄镇远扬路,2020-05-20 09:35:02
北控环境再生能源沭阳有限公司,沭阳县淮河大道西侧,2020-01-15 10:00:00
成武德润环保能源有限公司,山东省菏泽市成武县天宫庙镇刘花堂楼村东侧,2020-01-15 10:00:00
湘乡现代环保能源有限公司,湖南省湘潭市湘乡市龙洞镇泉湖村湘乡现代环保能源有限公司,2020-01-15 10:00:00
聊城康达垃圾处理有限公司,聊城市西外环路以西聊堂路以北,2020-01-15 10:00:00
中节能（保定）环保能源有限公司,保定市清苑区孙村乡大侯村南,2020-01-15 10:00:00
光大环保能源（平度）有限公司,青岛市平度市田庄镇光大路9号,2020-01-15 10:00:00
瀚蓝（海阳）固废处置有限公司,海阳市留格庄镇周格庄村北唐王山东,2021-07-02 09:35:02
无锡益多环保热电有限公司,江苏省无锡市新吴区新安城南路158号,2020-01-15 10:00:00
高唐县国环再生资源有限公司,山东省聊城市高唐县人和街道辛家楼村东,2020-11-24 09:40:49
城发环保能源（西平）有限公司,河南省西平县产业集聚区起航路与金凤大道交叉口西北角,2022-01-11 09:35:03
浙江华川深能环保有限公司,义乌市,2020-01-15 10:00:00
东莞市新东元环保投资有限公司,东莞市,2021-08-25 09:35:13
光大环保能源（沛县）有限公司,沛县经济开发区周勃西路6号,2020-01-15 10:00:00
磐石海创环保科技有限责任公司,吉林省磐石市环城东路与环城南路交汇处,2022-06-24 09:35:04
连云港晨兴环保产业有限公司,连云港大浦工业区云桥路20号,2020-01-15 10:00:00
信宜粤丰环保电力有限公司,广东省信宜市池洞镇贺垌村大庆坑,2021-01-06 09:35:07
中节能（通化）环保能源有限公司,通化市二道江乡二道江区二道江乡二道江村,2020-01-15 10:00:00
浙江春晖环保能源股份有限公司,上虞市,2020-01-15 10:00:00
石家庄嘉盛新能源有限公司,石家庄市无极县张段固镇齐洽村村东,2022-04-09 09:35:04
天台县交投环境管理有限公司,浙江省台州市天台县三合镇亭头村仰遮山地块,2022-09-03 09:35:03
耒阳市现代金利亚环保科技有限公司,衡阳市耒阳市大市循环经济产业园,2022-07-20 09:35:04
高安意高再生资源热力发电有限公司,高安市荷岭镇上寨村黄金城,2020-01-15 10:00:00
周口市丰泉环保电力有限公司,周口市川汇区北环路北侧,2020-01-15 10:00:00
三门康恒绿能再生能源有限公司,浙江省台州市三门县浦坝港镇梦海路,2022-09-06 09:35:03
泉州市圣元环保电力有限公司,福建省泉州市南安市柳城街道办事处杏莲村美岭头垃圾焚烧发电厂,2021-10-26 09:35:02
博乐市海创环境工程有限责任公司,新疆博州博乐市金三角工业园区内,2023-06-20 12:10:01
娄底市垃圾焚烧发电厂（康恒环保）,娄底市蛇形山镇,2022-07-09 09:35:05
中节能定州环保能源有限公司,定州市北方循环经济示范园区迎宾路9号,2021-09-28 09:35:06
中节能（怀来）环保能源有限公司,河北省张家口市怀来县京西中小企业创业辅导基地211房,2023-10-17 12:10:01
城发环保能源（伊川）有限公司,洛阳市伊川县水寨镇左寨村,2022-03-29 09:35:03
丰城绿色动力环保有限公司,丰城市杜市镇,2020-07-04 09:35:01
宁波明州环境能源有限公司,宁波市海曙区洞桥镇宣裴村裴岙,2020-01-15 10:00:00
中卫市绿能新能源有限公司,中卫市沙坡头区宣和镇工业园区迎大线与丹阳路交汇处向北500米,2022-04-02 09:35:04
盘州市深能捷通环保有限公司（生活垃圾焚烧发电厂）,贵州省六盘水市盘州市两河街道亮山村三组,2022-07-12 09:35:07
光大绿色环保城乡再生能源（古田）有限公司,福建省宁德市古田县六一四路291号,2021-08-18 09:35:03
焦作市绿鑫城发有限公司,河南省焦作市修武县王屯乡周流村南1000米,2022-09-24 09:35:03
福建华立生活垃圾处理有限公司,水北街镇岩鼻村顺弯,2023-07-27 12:10:02
武汉千子山能源有限公司,武汉市蔡甸区奓山街千子山循环经济产业园内,2023-03-03 12:10:01
永济市华信达清洁能源有限公司,永济市城北办事处下朝村与开张镇古城村之间,2022-09-27 09:35:04
石首绿色动力再生能源有限公司,石首市南口镇管家铺村,2021-07-07 09:35:03
中节能（盐山）环保能源有限公司,盐山县正港炉,2021-06-17 09:35:06
光大环保能源（泗阳）有限公司,江苏省宿迁市泗阳县意杨科技产业园嵩山路18号,2020-01-15 10:00:00
桂林市深能环保有限公司,临桂镇水口村山口生活垃圾填埋场内,2020-01-15 10:00:00
瀚蓝（常德）环保服务有限公司,湖南省常德市桃源县青林乡浯溪河村,2022-03-30 09:35:04
广水市康恒新能源有限公司,湖北省广水市十里办事处千户冲村岗岭湾特1号,2021-02-09 09:35:04
兰陵兰清环保能源有限公司,山东省临沂市兰陵县经济开发区农场路南段,2020-01-15 10:00:00
江西洪城康恒环境能源有限公司,南昌市昌北经济开发区,2020-08-20 09:35:01
光大环保能源(衢州）有限公司,浙江省衢州市绿色产业集聚区高新片区红鹰路-28#,2020-01-15 10:00:00
北京南宫生物质能源有限公司,北京市大兴区青云店镇南大红门村,2020-01-15 10:00:00
肇东北控环境再生能源有限公司,肇东市铁东区九中东路,2021-09-16 09:35:08
光大环保能源（宁波）有限公司,浙江省宁波市北仑区郭巨街道长浦一号,2020-01-15 10:00:00
临朐邑清环保能源有限公司,临朐县龙岗镇安家庄村南垃圾处理场,2020-01-15 10:00:00
五常深能环保有限公司,五常市山河镇,2023-07-08 12:10:01
广环投清新环保能源有限公司-雷州,广东省雷州市白沙镇中林集团邦塘林队2051号林班,2021-07-06 09:35:03
宿州市泗县深能环保有限公司,宿州市泗县屏山镇涂山村,2020-04-20 11:10:19
光大现代环保能源(湘阴)有限公司,湘阴县文星镇漕溪港街道办事处,2020-03-31 09:35:02
常州润恒能源科技有限公司,江苏省常州市金坛区丹金船闸管理所西南侧金坛区生活垃圾焚烧发电PPP项目,2022-08-16 09:35:03
淮安中科环保电力有限公司,淮安工业园区通衢西道81号,2020-01-15 10:00:00
长青环保能源（中山）有限公司,中山市南朗镇蒂峰山中心组团垃圾综合处理基地,2020-01-15 10:00:00
重庆荣昌三峰新能源发电有限公司,重庆市荣昌区广顺街道广富工业园污水处理厂旁,2023-02-28 12:10:01
绍兴市清能环保有限公司,浙江省绍兴市柯桥区滨海工业区循环生态产业园,2022-05-28 09:35:05
蚌埠皖能环保电力有限公司,五河县东刘集镇周庄北侧,2020-02-10 09:20:17
安岳川能环保能源发电有限公司,安岳县永清镇河店村14-16社,2023-02-16 12:10:01
微山光大环保能源有限公司,山东省济宁市微山县欢城镇工业园园十路6号,2021-01-01 09:35:02
东莞市挚能再生资源发电有限公司,东莞市厚街镇宝屯村厚街大道西78号,2020-01-15 10:00:00
自贡能投华西环保发电有限公司,自贡市沿滩工业集中区兴元路A3-01-01,2020-01-15 10:00:00
中节能（大城）环保能源有限公司,廊坊市大城县旺村镇田王文村,2021-11-11 09:35:44
瀚蓝（大连）固废处理有限公司,大连市金州区大魏家街道连丰村600号,2020-01-15 10:00:00
许昌旺能环保能源有限公司,魏都区七里店香山公园南侧,2020-02-08 09:20:19
光大环保能源（乐山）有限公司,乐山市市中区迎阳乡迎阳村七组,2020-01-15 10:00:00
潮州市湘桥深能环保有限公司（市区环保发电厂）,潮州市铁铺镇中山大道南侧荒地,2021-02-02 09:35:02
瑞金首创环保能源有限公司,瑞金市沙洲坝镇清水村,2020-01-15 10:00:00
中节能（肥西）环保能源有限公司,肥西县花岗镇蔡冲村新街垃圾填埋场南侧,2020-10-15 09:35:01
都匀市首创环保有限公司,都匀市墨冲镇新坪村,2020-01-15 10:00:00
呼和浩特市京城固体废物处置有限公司,金桥开发区金桥热电厂西南3公里,2020-01-15 10:00:00
重庆绿能新能源有限公司,重庆市开州区渠口镇渠口镇一组,2020-01-15 10:00:00
宿州皖能环保电力有限公司,宿州市经济开发区南侧宿固路与南外环交口东南侧,2020-01-15 10:00:00
如东天楹环保能源有限公司,如东县大豫镇东安科技园,2020-01-15 10:00:00
永嘉绿色动力再生能源有限公司,永嘉县瓯北三江街道后江村,2020-01-15 10:00:00
平湖市临港能源有限公司,浙江省嘉兴市平湖市独山港镇乍全公路北侧,2020-12-26 09:35:02
光大天易环保能源（湘潭）有限公司,湖南省湘潭市湘潭县河口镇宏兴村牛厂坳,2021-11-04 09:35:02
德州绿能电力有限公司,运河经济开发区,2020-01-15 10:00:00
梅河口世基电力科技有限公司,吉林省梅河口市李炉乡连山村1队,2023-11-02 12:10:01
呼和浩特嘉盛新能源有限公司,土默特左旗兵州亥区域服务中心袄太村西3公里,2020-01-15 10:00:00
阳朔县深能环保有限公司,桂林市阳朔县福利镇青鸟村委龙回寨村,2022-11-19 09:35:03
江西景圣环保有限公司,江西省景德镇市浮梁县寿安镇,2020-01-15 10:00:00
光大环保能源（东方）有限公司,东方市生活垃圾填埋场东侧地块,2021-01-13 09:35:02
东明科环环保科技有限公司,山东省菏泽市东明县垃圾处理填埋场院内,2022-03-11 09:35:05
齐河光大环保能源有限公司,德州市齐河县晏婴路北首,2020-01-15 10:00:00
北镇中电环保发电有限公司,北镇市中安镇高力板村577号,2022-09-02 09:35:03
阳江康恒环保有限公司,广东省阳江市江城区白沙街道沈岗垌1号,2023-03-17 12:10:01
文山金利亚环保科技有限公司,文山市马塘镇白革龙村,2022-05-24 09:35:03
中山市天乙能源有限公司,中山市黄圃镇吴栏村乌珠山旁,2020-01-15 10:00:00
遂宁川能能源有限公司,遂宁市船山区龙凤镇灵龟村,2020-01-15 10:00:00
泌阳县丰和新能源电力有限公司,驻马店市泌阳县西环四路与金桥路交汇处西南角,2021-12-03 09:35:27
大连市国能能源科技有限公司,辽宁省大连市普兰店区丰荣街道办事处马家沟村杏花村,2023-10-27 12:10:01
上海金山环境再生能源有限公司,金山区海金路728号,2020-01-15 10:00:00
蒙城环蒙再生能源有限公司,安徽蒙城庄周街道办事处九里桥村,2020-02-13 09:20:15
西安泾渭康恒环境能源有限公司,西安市高陵区耿镇街办十里村,2020-05-09 09:35:02
邯郸市中懋能源科技有限公司,邯郸市丛台区三陵乡北高垌村西,2022-03-18 09:35:06
天津雍泰生活垃圾处理有限公司（发电项目）,天津市武清区大孟庄镇高王公路16号,2021-11-23 09:35:47
河津海创环保能源有限责任公司,山西省河津市僧楼镇南方平村村西,2022-09-27 09:35:04
广州环投云山环保能源有限公司二分厂,广州市白云区太和镇永兴村李坑生活垃圾焚烧发电厂二厂,2020-01-15 10:00:00
光大环保能源（道县）有限公司,湖南省永州市道县审章塘瑶族乡莲花宅村,2022-01-06 09:35:03
沧州京投环保科技有限公司,河间市兴村镇,2021-12-15 09:35:55
仁寿川能环保能源有限公司,仁寿县宝马镇高照村7社,2021-02-26 09:35:02
莱阳光大环保能源有限公司,烟台市莱阳市光大路9号,2020-01-15 10:00:00
上海老港固废综合开发有限公司,上海市浦东新区南滨公路2088弄288号老港固废基地内东南角,2020-01-15 10:00:00
夏津光大环保能源有限公司,夏津县经济开发区茶屯村北侧,2021-02-10 09:35:01
鱼台深能环保有限公司,济宁市鱼台县经济开发区古亭路北首路东237国道南,2020-08-08 09:35:03
洪湖林清环保能源有限公司,洪湖市乌林镇李桥村,2022-12-30 09:35:04
昌邑泰达环保有限公司,山东省潍坊市昌邑市龙池镇海丰路与规划九路交口以西,2022-10-12 09:35:04
永康市伟明环保能源有限公司,金华市永康市,2020-01-15 10:00:00
陆丰粤丰环保电力有限公司,陆丰市南塘镇后西村,2020-01-15 10:00:00
山西荣光能源有限公司,郊区南大街659号,2021-06-02 09:35:26
城发环保能源（鹤壁）有限公司,鹤壁市淇滨区金山办事处蔡庄村北,2021-03-09 09:35:02
中节能（即墨）环保能源有限公司,山东省青岛市即墨市S203(青威路),2020-01-15 10:00:00
粤丰科维环保投资（广东）有限公司,东莞市横沥镇西环路,2020-01-15 10:00:00
开化天汇环保能源有限公司,开化县华埠镇工业功能区杨村片区,2020-12-30 09:35:01
瀚蓝（开平）固废处理有限公司,开平市百合镇蒲桥工业30号之6,2020-02-12 09:20:43
南安市圣元环保电力有限公司,南安市柳城街道办事处杏莲工业区17号,2020-01-15 10:00:00
凯里盛运环保电力有限公司,贵州省凯里市炉山镇,2020-01-15 10:00:00
会东三峰环保能源发电有限公司,会东县姜州镇中和村三组,2022-06-10 09:35:10
华西能源张掖生物质发电有限公司,甘肃省张掖经济技术开发区循环经济示范园（兔儿坝滩）,2020-01-15 10:00:00
国电投台前县综合智慧能源发展有限公司,台前县侯庙镇苗口村北台前县静脉产业园内,2022-11-15 09:35:04
杭州萧山城市绿色能源有限公司,杭州市大江东产业集聚区围垦外六工段,2020-01-15 10:00:00
介休市国泰绿色能源有限公司,介休市绵山镇保和村,2020-01-15 10:00:00
中节能（郯城）环保能源有限公司,山东省临沂市郯城县胜利镇西500米,2020-01-15 10:00:00
武汉绿色动力再生能源有限公司,武汉市化工区八吉府街绿色大道18号,2020-01-15 10:00:00
定西鹭江环保电力有限责任公司,定西市陇西县,2023-11-15 12:10:01
东阳伟明环保能源有限公司,浙江省东阳市城东街道泉坞坤,2022-10-10 09:35:04
通河县龙能资源再生利用有限公司,哈尔滨市通河县,2020-01-15 10:00:00
仁怀中电环保发电有限公司,贵州省遵义市仁怀市长岗镇堰塘坎村,2020-06-18 09:35:00
成都市兴蓉隆丰环保发电有限公司,四川省彭州市隆丰镇大宝村与桂花镇一龙村交界处,2020-01-15 10:00:00
惠州绿色动力环保有限公司,广东省惠州市惠阳区沙田镇田头村榄子垅,2020-01-15 10:00:00
郑州正兴环保能源有限公司,新郑市辛店镇贾咀村,2022-04-15 09:35:03
重庆市綦江区三峰环保发电有限公司,重庆市綦江区扶欢镇东升村,2021-12-31 09:35:03
连云港赣榆康恒环保能源有限公司,连云港市赣榆区海头镇（大兴庄村）揽海路3号,2022-09-14 09:35:19
海宁绿动海云环保能源有限公司,海宁市尖山新区滨海路22号,2020-06-17 09:35:01
瀚蓝(黄石)固废处理有限公司,黄石市黄金山开发区,2020-01-15 10:00:00
光大绿色环保城乡再生能源（丰县）有限公司,徐州市丰县盐电路1号,2021-03-02 09:35:02
光大环保能源（修水）有限公司,九江市修水县工业园太阳升项目区,2021-02-26 09:35:02
上饶市城投能源环保有限公司,江西省上饶经济技术开发区董团乡联胜村后畈水库东侧,2021-01-05 09:35:02
任丘深能环保有限公司,任丘市议论堡乡,2021-07-06 09:35:03
武平伟明环保能源有限公司,龙岩市武平县城厢镇金桥村上三角铺16号,2023-09-07 12:10:01
中航工业南充可再生能源有限公司,南充嘉陵区李渡镇张家桥村,2020-01-15 10:00:00
惠民中环新能源有限公司,山东省滨州市惠民县孙武街道办事处王辛庄村,2021-04-29 09:35:06
光大哈电环保能源（哈尔滨）有限公司,哈尔滨市阿城玉泉镇老营村,2021-12-21 09:35:07
高密利朗明德环保科技有限公司,高密市密水街道周家屯村西明德路88号,2020-01-15 10:00:00
雅安川能环保能源发电有限公司,四川省雅安市雨城区草坝镇羊老坪,2020-02-13 09:20:15
中机眉山再生能源有限公司,眉山东坡区盘鳌乡,2020-01-15 10:00:00
城发能源（黄冈）有限公司,湖北省黄冈市罗田县匡河镇桔子场村,2023-07-31 12:10:00
冠县国环垃圾处理有限公司,冠县烟庄街道办事处东十里营村东北2000米,2020-11-24 09:40:49
城发环保能源（滑县）有限公司,滑县留固镇中信都村北,2020-11-13 09:35:02
光大环保能源（海盐）有限公司,海盐县西塘桥街道经济开发区棕榈路88号,2020-01-15 10:00:00
大连京城环保产业有限公司,辽宁省大连市庄河市大连新兴产业经济区临港产业园288号（昌盛街道打拉腰村）,2023-05-12 12:10:01
广州环投福山环保能源有限公司（第三资源热力电厂）,广州市黄埔区九龙镇福山村西侧,2020-03-11 09:35:14
中节能（平顶山）环保能源有限公司,河南省平顶山市化工产业集聚区（叶县龚店乡）,2020-09-22 09:35:02
光大环保能源（兰考）有限公司,河南省开封市兰考县产业集聚区东泰路,2020-01-15 10:00:00
淮北旺能环保能源有限公司,淮北市经济开发区新区滨河路与运河路检查口168号,2020-07-10 09:35:01
湖北长投康恒房县环境能源有限公司,湖北省十堰市房县化龙堰镇长望村,2023-09-20 12:10:01
温州伟明环保能源有限公司,鹿城区山福镇临江发电厂,2020-01-15 10:00:00
邯郸肥乡区中懋环境科技开发有限公司,河北省邯郸市肥乡区经济开发区西南部振兴路南侧,2022-03-18 09:35:06
泸州市兴泸环保发展有限公司,纳溪区新乐镇长安村9社81号,2020-01-15 10:00:00
金华雅境再生能源有限公司,金华市婺城区雅畈镇六部寺金华市固废处置中心东南角,2021-11-30 09:35:17
商丘中电环保发电有限公司,河南省商丘市睢阳区郭村镇袁店村南500米,2020-12-02 09:35:13
宁安瀚潍环保能源有限公司,宁安市宁安镇福荣村西,2023-10-07 12:10:01
光大现代环保能源（汨罗）有限公司,岳阳市汨罗市新市镇新桥村,2020-02-13 09:20:15
临清德运环保能源有限公司,临清市先锋办事处管辛庄村西570m,2020-01-15 10:00:00
福州天楹环保能源有限公司,福州市连江县东湖镇飞石村国优北路217号,2020-01-15 10:00:00
无锡惠联垃圾热电有限公司,无锡市惠山区堰桥镇,2020-01-15 10:00:00
泸西海创环保科技有限责任公司,云南省红河哈尼族彝族自治州泸西县午街铺镇绿峨村委会大习龙村大坡沟,2021-05-09 09:35:07
宿州海创环境能源有限责任公司,安徽省宿州市埇桥区桃沟乡戴夏村,2022-10-25 09:35:04
临海市伟明环保能源有限公司,临海市,2020-01-15 10:00:00
太原康恒再生能源有限公司,太原市清徐县柳杜乡东南社村太原市循环经济环卫产业基地内,2020-07-08 09:35:02
云南绿色能源有限公司,昆明市西山区海口镇小海口村,2020-01-15 10:00:00
桐梓海创环保科技有限责任公司,贵州省遵义市桐梓县燎原镇镇油草村,2023-04-01 12:10:00
普宁市广业环保能源有限公司,普宁市云落镇环保路1号,2022-06-24 09:35:04
广州环投花城环保能源有限公司（广州市第五资源热力电厂）,花都区赤坭镇中心街19号之一,2020-01-15 10:00:00
龙泉伟明环保能源有限公司,龙泉市龙渊街道,2023-02-02 12:10:01
光大环保能源（沈丘）有限公司,河南省周口市沈丘县卞路口乡南郭庄行政村01,2021-12-29 09:35:06
中节能（沧州）环保能源有限公司,沧州市新华区小赵庄乡顾官屯村南,2020-01-15 10:00:00
鹰潭市龙欣能源管理有限公司,鹰潭市月湖区杨碧村马塘窝鹰潭市生活垃圾卫生填埋场内,2020-01-15 10:00:00
桐庐盛运环保电力有限公司,桐庐县濮家村樟高坞,2020-01-15 10:00:00
北发合利（济宁）环保电力有限公司,济宁市兖州区颜店镇王桥村东300米德源路西侧,2022-06-24 09:35:04
蒙阴伟明环保科技有限公司,山东省临沂市蒙阴县垛庄镇北庄村西侧600米,2021-12-21 09:35:07
郸城县中环新能源有限公司,郸城县静脉产业园,2022-03-08 09:35:03
喀什宝润环保电力有限公司,新疆维吾尔自治区喀什地区喀什市阿克喀什乡,2023-07-27 12:10:02
光大环保能源（吉安）有限公司,吉安市井开区高新街道10江西省吉安市井冈山经济技术开发区南塘路389号,2020-02-12 09:20:43
重庆市涪陵区三峰环保发电有限公司,重庆市涪陵区石沱镇天府路8号,2020-01-15 10:00:00
广州环投南沙环保能源有限公司,广州市南沙区大岗镇新联二村广州市第四资源热力电厂项目,2020-01-15 10:00:00
平凉海创能源科技有限责任公司,平凉市崆峒区峡门乡唐庄村,2022-05-20 09:35:04
宜昌市三峡环清能源有限公司,宜昌市生活垃圾焚烧发电特许经营项目,2023-06-27 12:10:01
汕尾三峰环保发电有限公司,汕尾海丰县可塘镇双贵山,2020-01-15 10:00:00
中节能(汕头潮南)环保能源有限公司,潮南区两英镇风华村古楼山大坷尾洋,2020-01-15 10:00:00
浙江新都绿色能源有限公司,桐乡市崇福镇五丰村南长浜,2020-01-15 10:00:00
无为海创环保科技有限责任公司,安徽省无为市石涧镇新材料产业园东片区,2022-06-08 09:35:04
城发环保能源（淮阳）有限公司,河南省周口市淮阳区城关回族镇西城区陈州路33号,2023-02-24 12:10:01
广州环投云山环保能源有限公司一分厂,广州市白云区太和镇永兴村李坑生活垃圾焚烧发电厂一厂,2020-01-15 10:00:00
光大城乡再生能源（社旗）有限公司,河南省南阳市社旗县产业集聚区,2020-02-13 09:20:15
石狮市鸿峰环保生物工程有限公司,福建省石狮市锦尚镇将军山,2020-01-15 10:00:00
唐河首创环保能源有限公司,唐河县文峰街道文峰路北段,2023-02-15 12:10:01
阜新中科环保电力有限公司,阜蒙县伊吗图镇伊吗图村,2022-12-30 09:35:04
瀚蓝（漳州）固废处理有限公司,福建省漳州市华安县丰山镇长新路8号,2021-10-13 09:35:03
晋州华融清润环保能源有限公司,石家庄晋州市马于镇马于工业园区,2021-07-28 09:35:04
深圳能源环保股份有限公司盐田垃圾发电厂,深圳市盐田区北山道青麟坑,2020-01-15 10:00:00
上海黎明资源再利用有限公司,上海市浦东新区浩江路259号,2020-01-15 10:00:00
诸城光大环保能源有限公司,山东省潍坊市诸城市贾悦镇野场村蓝海木材物流西500米,2021-03-01 09:35:02
营口粤丰电力环保有限公司,辽宁省营口市沿海产业基地冶金重装备区,2022-04-29 09:35:03
宁夏中科国通新能源有限公司,吴忠市利通区牛首山银平公路西侧尚德路南侧,2020-01-15 10:00:00
钦州海诺尔环保发电有限责任公司,钦南区沙埠镇,2020-01-15 10:00:00
舒兰海创环境能源有限责任公司,吉林省吉林市舒兰市天德乡农富村,2023-07-10 12:10:01
迁安德清环保能源有限公司,迁安市上射雁庄镇高各庄村西南,2022-02-22 09:35:08
沙河海创环保科技有限责任公司,河北省沙河市十里亭镇西葛泉村南,2021-08-13 09:35:08
枞阳海创环保科技有限责任公司,铜陵市枞阳县藕山镇,2021-12-10 09:35:23
中节能（平山）环保能源有限公司,河北省石家庄市平山县东回舍镇郜家庄村东原平山县水泥厂院区,2023-11-21 12:10:01
铜仁旺能环保能源有限公司,铜仁市松桃县盘信镇甘溪村,2023-07-03 12:10:01
宁都县伟明城投新能源有限公司,赣州市宁都县竹笮乡小坑村,2022-07-19 09:35:05
武义伟明环保能源有限公司,武义县白洋街道官山后垅生活垃圾填埋场,2020-01-15 10:00:00
贵阳中电环保发电有限公司,贵阳市花溪区,2020-01-15 10:00:00
上海电气环保热电（南通）有限公司,江苏省如皋市石庄镇江边工业园区绥江路5号,2020-01-15 10:00:00
濮阳高能生物能源有限公司,濮阳市经济技术开发区胡村乡天阴村垃圾填埋场北侧,2020-08-27 09:35:01
承德伊逊海创环保科技有限责任公司,河北省承德市围场满族蒙古族自治县龙山镇龙头山村龙源路7号,2023-06-20 12:10:01
闽清伟明环保能源有限公司,福州市闽清县白樟镇云渡村北坑31号,2022-12-01 09:35:04
龙岩新东阳环保净化有限公司,龙岩市新罗区铁山镇林邦村洋坑,2020-01-15 10:00:00
三穗康恒再生能源有限公司,三穗县八弓镇桥头村,2021-07-09 09:35:06
光大环保能源（信阳）有限公司,信阳市平桥区五里镇李楼村北,2021-12-22 09:35:03
光大环保能源（江山）有限公司,浙江省衢州市江山市上余乡上余村达山蓬1号,2021-07-07 09:35:03
玉田首创环保能源有限公司,河北省唐山市玉田县经济开发区腾飞西路3349号,2021-11-24 09:35:31
乐亭县锦环新能源有限公司,乐亭县闫各庄镇前何新庄村,2021-09-16 09:35:08
中节能保南（蠡县）环保能源有限公司,河北省保定市蠡县南庄镇后刘市村,2021-04-27 09:35:08
枣庄中科环保电力有限公司,枣庄市薛城区陶庄镇陶山路９号,2020-01-15 10:00:00
上海电气集团（丹东）环保科技有限公司,丹东市振安区同兴镇龙母村八组,2022-09-14 09:35:19
鲁山首创环保能源有限公司,鲁山县张良镇郭沟村西侧鲁山县静脉产业园,2022-01-30 09:35:06
淄博绿能新能源有限公司,山东省淄博市临淄区敬仲镇绿能路,2020-01-15 10:00:00
大连泰达环保有限公司,大连湾街道拉树房村,2020-01-15 10:00:00
奉新伟明环保能源有限公司,江西省宜春市奉新县干洲镇黄溪村奉新县生活垃圾填埋场北侧,2021-07-29 09:35:17
北流粤丰环保电力有限公司,广西玉林市北流民安镇兴上村甲丫冲,2020-01-15 10:00:00
泗水海螺创业环境工程有限责任公司,山东省泗水县苗馆镇（济宁海螺水泥有限责任公司院内）,2020-03-31 09:35:02
济南绿动环保有限公司,章丘区黄河街道临济村南,2023-10-23 12:10:01
承德中环环保新能源有限公司,河北省承德市承德县下板城镇大杖子村,2023-08-31 12:10:01
嘉禾伟明环保科技有限公司,湖南省郴州市嘉禾县行廊镇乐塘村（原罗卜安煤矿）,2023-06-28 12:10:01
太仓协鑫垃圾焚烧发电有限公司,太仓市双凤镇新湖新卫村,2020-01-15 10:00:00
文成伟明环保能源有限公司,浙江省温州市文成县大峃镇建新路2号403室,2021-11-04 09:35:02
光大城乡再生能源（柘城）有限公司,河南省商丘市柘城县大仵乡,2021-02-03 09:35:02
中节能（衡水）环保能源有限公司,经济开发区大麻森安辛庄,2020-01-15 10:00:00
霸州中电环保发电有限公司,河北省廊坊市霸州市煎茶铺镇油田农场西侧112国道北侧,2020-01-15 10:00:00
中节能（福州）环保能源有限公司,福州市长乐区航城街道里仁村长洋43号,2021-06-04 09:35:16
韶关粤丰环保电力有限公司,广东省韶关市曲江区大塘镇左村村委会撑仕岭村将军岭,2021-08-06 09:35:05
乳山绿色动力再生能源有限公司,山东省威海乳山市开发街西首,2020-01-15 10:00:00
庐江海创环保科技有限责任公司,庐江县泥河镇泉西村,2020-12-10 09:35:02
琼海市生活垃圾焚烧厂,琼海市泮水乡,2020-01-15 10:00:00
缙云深能环保有限公司,丽水市缙云县五云街道双龙村邵弄坳,2022-09-29 09:35:03
武汉博瑞环保能源发展有限公司,武汉市汉阳区永安堂172号,2020-01-15 10:00:00
兰州丰泉环保电力有限公司,甘肃省兰州市城关区盐场路街道罗官村肖家窑南侧,2020-01-15 10:00:00
沈阳新基环保有限公司,辽宁省沈阳市沈阳市苏家屯区陈相街道塔山社区,2020-06-11 17:27:06
银川中科环保电力有限公司,银川市灵武市临河镇横山工业园区东任路,2020-01-15 10:00:00
中节能（齐齐哈尔）环保能源有限公司,黑龙江省齐齐哈尔市昂昂溪区崔门种畜场南侧崔门垃圾填埋场园区内,2021-11-24 09:35:31
通辽华通环保有限责任公司,内蒙古通辽市科尔沁区清河镇西伯村喜伯变电所路南,2023-07-26 12:10:01
咸宁市中德环保电力有限公司,咸宁市咸安区向阳湖镇绿山村,2020-01-15 10:00:00
丽水旺能环保能源有限公司,丽水水阁工业区,2020-01-15 10:00:00
柳州海螺创业环境科技有限责任公司,广西壮族自治区柳州市鹿寨县322国道姑娘山北侧,2022-11-01 09:35:07
光大城乡再生能源（夏邑）有限公司,河南省商丘市夏邑县胡桥乡李楼村东侧,2020-03-11 09:35:14
海口中电环保发电有限公司老城环保发电厂,澄迈县老城开发区仲音南路,2020-01-15 10:00:00
光大环保能源（邳州）有限公司,邳州市经济开发区平果西路,2020-01-15 10:00:00
光大环保能源（织金）有限公司,贵州省织金县八步街道土锅村,2020-02-07 09:20:32
光大环保能源（济南）有限公司,济南市济阳县孙耿镇济南市生活废弃物处理中心北侧,2020-01-15 10:00:00
光大环保能源（镇江）有限公司,镇江新区新材料产业园越河街218号,2020-01-15 10:00:00
石家庄绿燃新能源发电有限公司,河北省石家庄市灵寿县青同镇201省道青同小桥西1号,2022-02-19 09:35:03
北京绿色动力再生能源有限公司（密云垃圾焚烧厂）,北京市密云区巨各庄镇政府208室-27,2020-01-15 10:00:00
城发环保能源（邓州）有限公司,丹江大道与207国道交叉口西南200米,2022-04-07 09:35:04
光大环保能源（天津）有限公司,西青区王稳庄,2020-12-29 09:54:03
光大环保能源（永州）有限公司,湖南省永州市零陵区接履桥镇（永州市静脉产业园内）,2020-01-15 10:00:00
库车景胜新能源环保有限公司,库车市牙哈镇虽润勒克村（垃圾填埋场）西侧,2022-07-28 09:35:02
驻马店泰来环保能源有限公司,河南省驻马店市遂平县褚堂乡重阳大道与高速铁路交叉口西北侧,2023-02-25 12:10:01
仙居县南峰环卫服务有限公司（生活垃圾焚烧发电厂）,仙居县南峰街道东坑村长茶坑,2023-08-01 12:09:59
重庆垫江三峰新能源发电有限公司,重庆市垫江县沙河乡南山村黑塘沟,2022-12-24 09:35:03
贵州金沙绿色能源有限公司,贵州省毕节市金沙县安乐乡桂花村,2022-01-18 09:35:04
遵义市东部城区生活垃圾焚烧发电项目（遵义红城泰达环保有限公司）,遵义市红花岗区深溪镇大窝村,2022-11-23 09:35:05
瀚蓝（晋江）固废处理有限公司,福建省晋江市罗山街道永兴路1号,2020-01-15 10:00:00
奈曼旗海创科技发展有限责任公司,奈曼旗大沁他拉镇工业园区A区,2023-04-22 12:10:01
阜阳皖能环保电力有限公司,安徽省阜阳市颍东区插花镇吕湖村,2020-01-15 10:00:00
上蔡县康恒环保能源有限公司,河南省驻马店市上蔡县五龙镇高白玉村南500米,2022-03-02 09:35:03
固安恩菲环保能源有限公司,河北省廊坊市固安县柳泉镇北程村南路1号,2022-01-06 13:54:11
光大绿色环保再生能源（沂源）有限公司,沂源县经济开发区博沂路与三悦路交叉口,2021-09-16 09:35:08
安徽圣元环保电力有限公司,安徽省天长市张铺镇尚武村尚武水库西侧,2022-05-19 09:48:57
光大环保能源（宁海）有限公司,浙江省宁波市宁海县强蛟镇纬二路南北新建材东,2021-03-10 09:35:04
合肥龙泉山环保能源有限责任公司,肥东县桥头集镇,2021-07-14 09:35:06
宁国海创环境工程有限责任公司,安徽省宣城市宁国市港口镇山门村,2021-04-14 09:35:07
双峰县垃圾焚烧发电厂（海创环境）,湖南省娄底市双峰县印塘乡谢泥塘村,2022-02-22 09:35:08
承德环能热电有限责任公司,河北省承德市双桥区大石庙镇太平庄社区居委会大石庙镇太平庄村,2020-01-15 10:00:00
武汉汉口绿色能源有限公司,武汉市黄陂区盘龙城经济开发区刘店村,2020-01-15 10:00:00
大连深能环保有限公司,大连市甘井子区大连湾街道拉树房村土革路北侧,2022-08-23 09:35:02
城发环保能源（宜阳）有限公司,洛阳市宜阳县柳泉镇柳泉村,2022-03-19 09:35:04
汕头市澄海洁源垃圾发电厂有限公司,汕头市澄海区溪南工业区金山路尾,2020-01-15 10:00:00
绥化市绿能新能源有限公司,黑龙江省绥化市北林区绥北路5公里路西侧,2020-01-15 10:00:00
蒲城天楹环保能源有限公司,陕西省渭南市蒲城县高新技术产业开发区东区,2023-01-10 12:10:01
新余永清环保能源有限公司,新余市渝水区珠珊镇板桥收费站往前一公里处,2020-01-15 10:00:00
光大环保能源(天门）有限公司,湖北省天门市岳口工业园3号路以西12号路以北,2022-09-29 09:35:03
中节能（汉中）环保能源有限公司,陕西省汉中市汉台区徐望镇五郎村3组10号,2021-07-28 09:35:04
湛江市朗坤环保能源有限公司-吴川,吴川市大山江街道老鸦埇生活垃圾填埋场西侧,2021-03-30 09:35:03
睢县首创环保能源有限公司,河南省商丘市睢县尚屯镇马洪寺,2020-06-04 09:35:04
单县深能环保有限公司,山东省菏泽市单县经济技术开发区,2020-01-15 10:00:00
兴平金源环保有限公司,陕西省咸阳市兴平市马嵬办新庄村南侧,2022-07-07 09:35:03
成都市兴蓉万兴环保发电有限公司,成都市龙泉驿区山泉镇万兴社区二组118号,2020-01-15 10:00:00
乌海蓝益环保发电有限公司,乌海市乌达区工业园区,2021-10-22 09:35:04
寿县绿色东方新能源有限责任公司,安徽省淮南市寿县窑口镇真武村,2020-01-15 10:00:00
西畴海创新能源科技有限责任公司,云南省文山壮族苗族自治州西畴县兴街镇甘塘子村,2023-08-22 12:10:21
酉阳县华茂新能源有限责任公司,重庆酉阳县钟多街道桃花源大道219号11幢9层1号,2022-01-01 09:35:04
上海上实宝金刚环境资源科技有限公司,宝山区,2023-04-11 12:10:00
城发环保能源（内黄）有限公司,河南省安阳市内黄县安内快速路与内静中路交叉口西南角,2023-08-24 12:10:01
广州环投从化环保能源有限公司,广州市从化区鳌头镇潭口村,2020-01-15 10:00:00
北控环境再生能源（张家港）有限公司,张家港市塘桥镇滩里村,2020-01-15 10:00:00
中节能（秦皇岛）环保能源有限公司,海港区东港镇秦山路71号,2020-01-15 10:00:00
濮阳首创环保能源有限公司,濮阳市南乐县生物质能产业园区,2023-06-27 12:10:01
句容绿色动力再生能源有限公司,句容经济开发区姚徐村,2020-01-15 10:00:00
光大城乡再生能源（绵竹）有限公司,四川省德阳市绵竹市拱星镇,2020-01-15 10:00:00
彬州海创环保能源有限责任公司,陕西省咸阳市彬州市北大街马王庙7号办公楼三层,2022-01-26 09:35:03
淮安零碳能源环保科技有限公司,涟水县大东镇,2020-12-08 09:35:02
平顶山中电环保发电有限责任公司,河南省平顶山市宝丰县张八桥镇栾庄北,2021-02-08 09:35:03
莒县光大环保能源有限公司,山东省日照市莒县浮来山街道坝田路909号,2020-01-15 10:00:00
香河康恒再生能源有限公司,廊坊市香河县经济开发区香宋路11号,2022-01-25 09:35:03
佳木斯博海环保电力有限公司,佳木斯市东风区高新区低碳产业园,2020-01-15 10:00:00
玉溪市科林环保科技有限公司,云南省玉溪市红塔区高仓街道龙树社区一组十六营坡地,2023-07-06 12:10:01
靖江粤丰环保电力有限公司,靖江市西来镇丰产村靖兴三队80号,2022-06-17 09:35:04
深圳市天楹环保能源有限公司,深圳市龙岗区平湖街道富安大道38号,2020-01-15 10:00:00
泰安北控环境能源开发有限公司,山东岱岳经济开发区,2020-01-15 10:00:00
鞍山市三峰环保发电有限公司,鞍山市海城市腾鳌经济开发区,2021-01-21 09:35:06
广安川能能源有限公司,广安市岳池县普安镇斑竹园村,2020-01-15 10:00:00
光环江东环保能源（马鞍山）有限公司,马鞍山市雨山区向山镇313省道3299号,2020-01-15 10:00:00
丹江口海创绿能环境能源科技有限责任公司,十堰市丹江口市东环路（邓家庄）,2023-11-24 12:10:01
南丰康恒环境能源有限公司,江西省抚州市南丰县琴城镇艾源村百花桥小组（206国道旁）,2022-01-07 09:35:03
苍南玉苍伟明环保能源有限公司,温州龙港市中对口村灵宜公路以南七字山以北,2020-01-15 10:00:00
常德中联环保电力有限公司,湖南省常德市经济技术开发区檀树坪村三组,2020-01-15 10:00:00
馆陶县正好环保科技有限公司,河北省邯郸市馆陶县经济开发区南1号路西端北侧,2021-10-02 09:35:07
台州黄岩康恒再生能源有限公司,浙江省台州市黄岩区北城街道杜家村卢岙里,2022-03-10 09:35:03
和田高能新能源有限公司,和田市吉亚乡垃圾处理厂以西,2020-12-02 09:35:13
石柱县海创环保科技有限责任公司,重庆市石柱土家族自治县万朝镇万康村茶园组,2020-11-27 09:35:12
洮南海创环保能源有限责任公司,吉林省洮南市向阳街道朝阳村,2023-08-29 12:10:01
七台河绿能新能源有限公司,七台河市桃山区茄子河林场二道沟,2020-01-15 10:00:00
广德皖能环保电力有限公司,安徽省广德市桃州镇山关村鲤鱼冲水库旁,2021-04-13 09:35:03
阳谷新源热电有限公司,阳谷县狮子楼办事处华山路,2020-01-15 10:00:00
东莞市博海环保资源开发有限公司,东莞市厚街镇厚街东二环路6号,2020-09-11 15:28:50
瑞安市海滨伟明环保能源有限公司,上望街道垃圾填埋场内,2020-01-15 10:00:00
光大环保能源（滕州）有限公司,山东省枣庄市滕州市木石镇,2020-01-15 10:00:00
宣威市鸿志新能源有限公司,宣威市来宾街道宗范村委会上宗范村,2021-05-25 09:35:08
都安海创环境科技有限责任公司,都安县澄江镇红渡村下池屯,2022-08-25 09:35:02
城发环保能源（濮阳）有限公司,河南省濮阳市濮阳县八公桥镇倪家寨村东南800米,2022-02-25 09:35:04
化州深能环保有限公司,丽岗镇南斋坑生活垃圾填埋场,2021-01-06 09:35:07
成都邓双海诺尔环保发电有限公司,四川省成都市新津县邓双镇文山村5-6组,2021-03-23 09:35:11
咸阳海创环境能源有限责任公司,陕西省咸阳市礼泉县烟霞镇下韩村,2020-09-22 09:35:02
城发环保能源（汝南）有限公司,汝南县崇德路北段,2021-02-09 09:35:04
天津市晨兴力克环保科技发展有限公司,天津市北辰区青光镇京福公路西安光路2000号,2020-01-15 10:00:00
鄄城圣元环保电力有限公司,山东省菏泽市鄄城县富春乡郝庄行政村东500米,2021-04-09 09:35:04
广西贵港北控水务环保有限公司（生活垃圾焚烧电厂）,广西贵港市港北区大圩镇西江农场七队,2020-01-15 10:00:00
光大环保能源（故城）有限公司,故城县经济技术开发区奥冠大街与泰山路交叉口,2021-09-23 09:35:06
德阳和新环保发电有限责任公司,德阳市旌阳区和新镇永兴村16组,2020-01-15 10:00:00
光大新能源（中江）有限公司,四川省德阳市中江县兴隆镇成德工业园,2023-06-03 12:10:01
辛集冀清环保能源有限公司,辛集市清洁化工园区内,2020-01-15 10:00:00
光大环保能源（邵阳）有限公司,湖南省邵阳市新邵县新田铺镇塘口村,2022-10-27 09:35:04
荆州旺能环保能源有限公司,荆州市荆州区纪南镇拍马村,2020-01-15 10:00:00
阳信光大环保能源有限公司,滨州市阳信县,2021-02-27 09:35:02
正阳首创环保能源有限公司,正阳县生活垃圾处理场东南侧,2021-04-17 09:35:03
南京六合茉莉绿色能源有限公司,南京市六合区程桥街道小盘山西侧,2022-04-02 17:16:38
瀚蓝（惠安）固废处理有限公司,惠安县山霞镇按固村,2020-01-15 10:00:00
湘西自治州首创环保有限公司,湖南省湘西自治州吉首市河溪镇河溪村百里工业园,2022-11-14 09:35:06
东平光大环保能源有限公司,山东省泰安市东平县梯门镇虎山村西南侧,2021-07-23 09:35:20
临汾粤丰环保电力有限公司,山西省临汾市尧都区县底镇南乔村东,2022-08-17 09:35:02
于都华赣环保能源有限公司,江西省赣州市于都县贡江镇于中路,2022-07-12 09:35:07
自贡川能环保发电有限公司,四川省自贡市沿滩区九洪乡莲花村九组,2020-11-17 09:35:02
新乡市首创环境能源有限公司,新乡市延津县产业聚集区北区亚洲金属循环利用厂北侧,2021-11-05 15:50:58
马鞍山海创环境科技有限责任公司,安徽省马鞍山市和县西埠镇鸡笼山村35号,2022-12-07 09:35:03
镇雄海创环保科技有限责任公司,南省昭通市镇雄县芒部镇松林村蒿枝湾村民组,2022-05-21 09:35:05
上海东石塘再生能源有限公司,上海奉贤化工园区漴缺村1488号,2020-01-15 10:00:00
太和县天楹环保能源有限公司,太和县双浮镇双兴村,2020-01-15 10:00:00
监利旺能环保能源有限公司,湖北省监利县红城乡湛港村,2020-01-15 10:00:00
光大城乡再生能源（凤阳）有限公司,滁州市凤阳县凤宁现代产业园,2020-01-15 10:00:00
长岭瀚潍环保能源有限公司,吉林省松原市长岭县环城工业集中区岭南园区,2022-04-29 09:35:03
石门海创环境工程有限责任公司,湖南省常德市石门县宝峰街道七松社区胡家屋场,2021-11-04 09:35:02
浙江富春江环保热电股份有限公司,富阳区灵桥镇春永路188号,2020-01-15 10:00:00
光大环保能源（益阳）有限公司,湖南省益阳市谢林港镇谢林港村,2020-01-15 10:00:00
漳州市圣元环保电力有限公司,漳州市漳浦县旧镇镇郭厝村古城新村,2020-01-15 10:00:00
南平延鸿环保电力有限公司,福建省南平市延平区炉下镇下崇仁路,2020-11-06 09:35:07
福鼎市环境新能源有限公司,福建省宁德市福鼎市点头镇马洋村王孙亭,2020-02-13 09:20:15
泗洪高能环境生物质能有限公司,泗洪县青阳镇重岗社区县卫生填埋厂北侧,2020-01-26 09:20:05
中节能（行唐）环保能源有限公司,石家庄市行唐县只里乡东秀村西,2021-10-01 09:35:11
北京朝清环保能源科技有限公司,北京市朝阳区金盏乡高安屯（北京市朝阳区循环经济产业园内）,2020-01-15 10:00:00
厦门市政环能股份有限公司翔安厂,厦门市翔安区新圩镇诗林中路1501-1515号,2020-01-15 10:00:00
光大环保能源（常州）有限公司,常州市武进区遥观镇剑湖村委观庄村208号,2020-01-15 10:00:00
光大城乡再生能源（钟祥）有限公司,湖北省荆门市钟祥市长滩镇青龙鞍村二组88号,2020-01-15 10:00:00
满洲里海创环保科技有限责任公司,满洲里市边境经济合作区胪膑社区南膑9路,2022-08-10 09:35:02
威县深能环保有限公司,河北省邢台市威县贺营镇陈庄村东,2021-08-10 14:12:57
贵州新源环境科技有限责任公司,六盘水市钟山区汪家寨镇艺奇村一组大马湾,2020-01-15 10:00:00
铜仁海创环境工程有限责任公司（垃圾焚烧）,铜仁市碧江区河西办事处新庄村铜仁海螺水泥厂厂区内,2020-01-15 10:00:00
光大环保能源（寿光）有限公司,山东省寿光市羊口镇官台村西北,2020-01-15 10:00:00
江苏圣元环保电力有限公司,江苏省盱眙县古桑街道骚狗山江苏圣元环保电力有限公司,2020-01-15 10:00:00
玉环嘉伟环保科技有限公司,浙江省台州市玉环市玉城街道西滩村小滩,2022-03-10 09:35:03
晋中环榆再生能源有限公司,榆次区北田镇杨梁村,2021-11-24 09:35:31
诸暨三峰环保能源有限公司,浙江省诸暨市浬浦镇外浦村陈高坞自然村,2021-04-16 09:35:03
龙游泰来环保能源有限公司,浙江省衢州市龙游县横山镇贤求朋村青垅山,2022-01-07 09:35:03
白山绿能新能源有限公司,吉林省白山市江源区石人镇政府309室,2022-09-01 09:35:03
滦洲雅新环保能源有限公司,滦州市古马镇,2021-06-24 09:35:03
青田旺能环保能源有限公司,浙江省丽水市青田县三溪口街道西村绍坑1号,2021-12-16 09:35:04
内江高能环境技术有限公司(资中县生活垃圾焚烧发电厂),资中县双河镇葫芦寺村,2022-03-01 09:35:04
宁波中科绿色电力有限公司,镇海区,2020-01-15 10:00:00
广东东实环境股份有限公司,东莞市麻涌镇大步村海心沙岛,2020-01-15 10:00:00
济宁中科环保电力有限公司,任城区李营街道北尧村北,2020-01-15 10:00:00
西咸新区北控环保科技发展有限公司,西咸新区秦汉新城正阳街办张良路1399号,2020-02-07 09:20:32
江苏大吉环保能源有限公司,盐城市亭湖区新兴镇洪东村静脉产业园内,2020-02-13 09:20:15
郑州荥锦绿色环保能源有限公司,荥阳市建设东路001号,2020-01-15 10:00:00
汕头市恒建科为生物质发电有限公司,汕头市金平区鮀莲街道雷打石片区办公楼205室,2023-10-10 12:10:01
泰州粤丰环保电力有限公司,泰州市东南环路1号,2023-04-07 12:10:01
莒南天楹环保能源有限公司,莒南县十字路街道王家庄子村东南,2020-01-15 10:00:00
北京北控绿海能环保有限公司（苏家坨垃圾焚烧厂）,北京市海淀区苏家坨镇大工村发电厂,2020-01-15 10:00:00
内蒙古普拉特交通能源有限公司,九原区麻池镇南绕城收费站南100米,2020-01-15 10:00:00
汉寿海创环保科技有限责任公司,湖南省常德市汉寿县太子庙镇龙津村,2021-11-04 09:35:02
宁德漳湾垃圾焚烧发电有限公司,蕉城区漳湾镇郑岐村杖垂岗,2020-01-15 10:00:00
宁波世茂能源股份有限公司（宁波众茂姚北热电有限公司）,余姚市,2020-01-15 10:00:00
广州环投增城环保能源有限公司,广州市增城区仙村镇沙滘村沙滘工业路3号2栋,2020-01-15 10:00:00
肇庆市博能再生资源发电有限公司,四会市下茆镇南塘村委会伙崀咀村168号,2020-03-03 09:36:20
内江海诺尔垃圾发电有限责任公司,内江市东兴区永兴镇闻家冲村,2020-03-03 09:36:20
普宁市广业粤能环保能源有限公司,普宁市云落镇环保路2号,2022-10-21 09:35:03
光大环保能源（江阴）有限公司,江阴市月城镇环山路18号,2020-01-15 10:00:00
舟山旺能环保能源有限公司,舟山市团鸡山岛,2020-01-15 10:00:00
卡万塔（石家庄）新能源科技有限公司,河北省石家庄市赵县城东果王线与赵范路交叉口以北赵县生活垃圾填埋场第二填埋场,2022-06-09 09:35:13
北京京环绿谷环境管理有限公司（平谷区生活垃圾综合处理厂）,北京市平谷区东高村镇南宅村西南500米,2020-01-15 10:00:00
兰溪旺能环保能源有限公司,兰溪市女埠街道渡三村,2020-01-15 10:00:00
长治首钢生物质能源有限公司,长治市潞洲区黄碾镇长治首钢生物质能源有限公司,2020-12-31 09:35:02
茂名永诚环保资源开发有限公司,茂名市茂南区公馆镇河之口,2020-01-15 10:00:00
沂水沂清环保能源有限公司,沂水县黄山铺镇黄石官庄村北侧,2020-01-15 10:00:00
重庆三峰御临环保发电有限公司,重庆市渝北区洛碛镇太洪场村,2021-02-09 09:35:04
郑州东兴环保能源有限公司,河南省郑州市中牟县广惠街南168号,2020-04-15 09:35:01
辽源天楹环保能源有限公司,辽源市龙山区寿山镇大寿村,2020-01-15 10:00:00
灵石县鑫和垃圾焚烧发电有限公司,灵石县玉成,2020-01-15 10:00:00
中节能（临沂）环保能源有限公司,兰山区,2020-01-15 10:00:00
洛阳环洛再生能源有限公司,洛阳市涧西区柳石路188号,2020-01-15 10:00:00
建德浦发热电能源有限公司,浙江省杭州市建德市寿昌镇城中村夫衣垅山湾,2021-10-23 09:35:06
榆树市鸿大环保电力有限公司,吉林省长春市榆树市城郊街道立新村,2020-01-15 10:00:00
贺州高能环境生物能源有限公司,贺州市八步区莲塘镇新燕村,2020-01-15 10:00:00
石家庄厦能炘环保科技有限公司,石家庄市井陉县上安镇王庄村,2020-09-28 09:35:02
来宾粤丰环保电力有限公司,广西来宾市兴宾区城厢乡大莆田村1-1号,2020-01-15 10:00:00
保罗清洁能源（福州）有限公司,福州晋安区新店镇红庙岭2号,2020-01-15 10:00:00
双鸭山伟明环保能源有限公司,黑龙江省双鸭山市四方台区太保镇七一村0515-7-00,2023-08-12 12:09:59
罗平海创环保科技有限责任公司,曲靖市罗平县板桥镇罗平工业园区巨朵片区,2021-08-19 09:35:15
嘉祥光大环保能源有限公司,嘉祥县梁宝寺镇燕尾河村北500米,2020-01-26 09:20:05
廉江市绿色东方新能源有限公司,廉江市横山镇七星岭,2020-01-15 10:00:00
珠海康恒环保有限公司,珠海市斗门区斗门镇蛛山北路1号珠海康恒环保有限公司,2020-07-15 09:35:01
霍山海创环保科技有限责任公司,安徽省霍山县经济开发区老皇寺村,2020-12-10 09:35:02
惠州绿色动力再生能源有限公司,沙田镇田头村榄子垅环境园,2020-07-29 09:35:04
深圳市能源环保有限公司宝安垃圾发电厂(二期),深圳市宝安区松岗街道塘下涌老虎坑环境园,2020-01-15 10:00:00
泰兴市三峰环保能源有限公司,泰兴经济开发区通江路1号,2020-01-15 10:00:00
北京北控雁栖再生能源科技有限公司,北京市怀柔区庙城镇孙史山村北侧,2020-01-15 10:00:00
池州皖能环保电力有限公司,安徽省池州市贵池区涓桥镇陀弥山南冲,2020-03-11 09:35:14
上海浦城热电能源有限公司,上海市浦东新区御桥路869号,2020-01-15 10:00:00
天津滨海环保产业发展有限公司（环汉固废-天津滨海新区垃圾焚烧发电厂）,汉沽塘汉路88号,2020-01-15 10:00:00
罗源县环境新能源有限公司,罗源县凤山镇松山镇白水村石门里,2021-07-03 09:35:02
淮南皖能环保电力有限公司,安徽省凤台县经济开发区,2020-01-15 10:00:00
瀚蓝（常山华侨经济开发区）固废处理有限公司,常山华侨经济开发区海峰管区深垅100号,2020-01-15 10:00:00
滨州天楹环保能源有限公司,滨州市滨城区滨北街道办事处滨孤路以西滨北农场,2020-01-15 10:00:00
四平中科能源环保有限公司,四平市铁西区经济循环示范区,2020-01-15 10:00:00
吕梁三峰环保发电有限公司,吕梁市柳林县李家湾乡上白霜村,2023-01-09 12:10:01
北京绿色动力环保有限公司,北京市通州区永乐店镇德仁务中街村521号,2020-01-15 10:00:00
光大城乡再生能源（萧县）有限公司,宿州市萧县丁里镇,2020-01-15 10:00:00
中节能（金堂）环保能源有限公司,四川省成都市金堂县淮口镇四川金堂工业园内,2020-06-10 10:36:04
济源霖林环保能源有限公司,济源市虎岭产业集聚区虎岭一号线西五三一铁路专用线南,2020-02-13 09:20:15
昆明海创环保科技有限责任公司,云南省昆明市晋宁区工业园区二街基地,2023-10-13 12:10:01
光大环保能源（砀山）有限公司,安徽省宿州市砀山县经济技术开发区,2020-01-15 10:00:00
天津泰环再生资源利用有限公司,天津市东丽区杨北公路296号,2020-01-15 10:00:00
合肥长丰皖能环保电力有限公司,长丰县陶楼乡,2020-01-15 10:00:00
信阳康恒新能源有限公司(垃圾发电),河南省信阳市光山县寨河镇罗湖村,2020-04-15 09:35:01
宁阳盛运环保电力有限公司,山东省泰安市宁阳县东疏镇后学村,2020-01-15 10:00:00
原阳县康恒环保能源有限公司,河南省新乡市原阳县大宾乡原大公路南侧马头村西侧1号,2022-03-19 09:35:04
文昌中电环保发电有限公司,海南省文昌市文城镇青山岭西侧文昌市生活垃圾焚烧发电厂二期,2021-03-27 09:35:02
黔东南州黎平粤丰环保电力有限公司,贵州省黔东南州黎平县双江镇厦蓉高速双江收费站出口南侧约公里处（岑告沟口）,2022-05-24 09:35:03
平阳绿色动力再生能源有限公司,温州市平阳县鳌江镇东江村,2020-01-15 10:00:00
重庆市秀山县三峰新能源有限公司,秀山土家族苗族自治县官庄街道雅都村,2021-12-21 09:35:07
金乡盛运环保电力有限公司,羊山镇政府驻地,2020-06-11 17:27:06
天津泉泰生活垃圾处理有限公司,天津市宝坻区口东街道东庄子村北侧,2021-08-07 09:35:03
三台中科再生能源有限公司,三台县北坝镇水文村,2021-06-02 09:35:26
中节能（涞水）环保能源有限公司,河北省保定市涞水县胡家庄乡南辛庄村村东,2020-12-22 09:35:01
城发环保能源(息县)有限公司,河南省信阳市息县杨店乡龙庙村远方大道1号,2023-03-28 10:40:45
南京环境再生能源有限公司,南京市浦口区星甸街道董庄路1号,2020-01-15 10:00:00
江苏大吉环保能源大丰有限公司,盐城市大丰区草庙镇川东工业集中区,2020-01-15 10:00:00
光大环保能源（惠东）有限公司,广东省惠州市惠东县平山街道办坣陂村横坑,2020-01-15 10:00:00
台州旺能再生资源利用有限公司（三期扩建项目）,路桥蓬街镇十塘,2022-03-08 09:35:03
汕头市绿色动力再生能源有限公司,汕头市潮阳区和平镇竹棚医院旧址,2020-02-13 09:20:15
宣汉海诺尔环保发电有限公司,宣汉县黄石乡百花村,2023-08-08 12:10:01
四川能投邻水环保发电有限公司,四川省广安市邻水县袁市镇关路村一组26号,2021-12-03 09:35:27
福建保罗环保能源有限公司,福州晋安区新店镇红庙岭,2020-02-13 09:20:15
中节能（天津）环保能源有限公司,天津市东丽区金钟街赤欢路986号,2021-06-19 09:35:02
南阳首创环境科技有限公司第一分公司,西峡县,2021-05-26 09:35:26
光大环保能源（莱芜）有限公司,山东省济南市莱芜区牛泉镇石门村西,2020-01-15 10:00:00
仙桃绿色东方环保发电有限公司,仙桃市干河办事处郑仁口村四组,2020-01-15 10:00:00
芜湖中电环保发电有限公司,芜湖市三山区高安乡镇,2020-01-15 10:00:00
南宁建宁康恒环保科技有限责任公司,南宁市西乡塘区双定镇华润水泥窑西侧,2022-06-02 09:35:03
光大环保能源（宁远）有限公司,湖南省永州市宁远县桐山街道仁山庙村,2020-12-30 09:35:01
涡阳国淮新能源有限公司,原刘店煤矿院内,2022-03-19 09:35:04
海城市中科环保科技有限公司,鞍山市海城市,2023-02-28 12:10:01
光大广环投环保能源（肇庆）有限公司,广东省肇庆市高要区乐城镇社播村横水坑188号,2020-03-11 09:35:14
大理三峰再生能源发电有限公司,大理市海东镇杨柳村,2020-01-15 10:00:00
瀚蓝（饶平）固废处理有限公司,饶平县黄冈镇上林社区宝斗石坑洼地,2020-04-28 09:35:02
宁晋县嘉伟环保科技有限公司,河北省邢台市宁晋县凤凰镇赵庄村南,2021-09-30 09:35:11
光大环保能源（玉林）有限公司,玉林市玉州区仁厚镇上罗村玉石公路南侧（玉林市垃圾无害化处理厂内）,2020-02-12 09:20:43
厦门市政环能股份有限公司（后坑垃圾焚烧发电厂）,厦门市湖里区虎仔山北路53号,2020-01-15 10:00:00
山东启迪济能环保科技有限公司,山东省济南市长清区马山镇郭庄村,2021-03-23 09:35:11
光大环保能源（乐昌）有限公司,广东省韶关市乐昌市下西村光大环保能源（乐昌）有限公司,2021-08-07 09:35:03
界首市伟明环保能源有限公司,安徽省阜阳市界首市西城街道吕闫村,2020-01-15 10:00:00
烟台海创丛林环保能源有限责任公司,山东省烟台市龙口市诸由观镇北村村北,2022-11-05 09:35:06
深州首创环保能源有限公司,河北省衡水市深州市东安庄乡北景萌村村北,2022-01-27 09:35:03
光大环境能源（杭州富阳）有限公司,浙江省杭州市富阳区渌渚镇阆坞村,2021-05-22 09:35:11
中节能（丽江）环保能源有限公司,云南省丽江市古城区文化街道文化居委会老追古村149号,2021-12-03 09:35:27
江西乐联环保能源有限公司,江西省景德镇市乐平市乐港镇龙溪村扫帚岭,2021-11-19 09:36:08
中节能（临沂）环保能源有限公司兰山分公司,兰山区汪沟镇双行村,2021-05-11 09:35:07
常州绿色动力环保热电有限公司,常州市武进区牛塘镇青云村,2020-01-15 10:00:00
巴彦淖尔川能环保能源有限公司,内蒙古自治区巴彦淖尔市杭锦后旗沙海镇南园四社,2023-03-04 12:10:01
红安绿色动力再生能源有限公司,湖北省黄冈市红安县觅儿镇开发区5号路东段,2020-06-17 09:35:01
烟台润达垃圾处理运营有限公司,烟台市福山区,2020-01-15 10:00:00
中节能（西安）环保能源有限公司,西安市鄠邑区大王镇大王东村窑厂旧址,2020-05-09 09:35:02
绍兴市再生能源发展有限公司,浙江省绍兴市柯桥区滨海工业区钱滨线,2020-01-15 10:00:00
博白绿色动力再生能源有限公司,玉林市博白县旺茂镇石垌村旺茂农场（广西农垦旺茂农场）,2020-01-15 10:00:00
杞县首创环保能源有限公司,河南省开封市杞县东关外国语学校南,2022-04-22 17:59:21
东营黄河三角洲三峰生态能源有限公司,山东省东营市东营经济开发区新材料工业园区钱塘江路9号,2020-01-15 10:00:00
利辛皖能环保电力有限公司,安徽省利辛县孙集镇利辛皖能环保电力有限公司,2021-02-05 09:35:01
西安白鹿原益恒环境能源有限公司,西安市灞桥区狄寨街道江村,2023-03-09 12:10:01
恩施绿色动力再生能源有限公司,湖北省恩施市六角亭街道办事处高桥坝村堰塘湾,2022-12-27 09:35:04
新疆天富垃圾焚烧发电有限责任公司,石河子市北工业园区东七路北十五路交叉路口向东800米,2020-01-15 10:00:00
浦江三峰环保能源有限公司,浙江省浦江县大畈乡小黄坛卫生填埋场,2021-02-20 09:35:04
中电国际新能源海南有限公司老城开发区海口环保发电厂,海南省澄迈县老城开发区仲音路,2020-01-15 10:00:00
乌兰浩特瀚潍环保能源有限公司（垃圾焚烧发电）,内蒙古自治区兴安盟乌兰浩特市乌兰哈达镇拐把子沟垃圾焚烧发电厂,2023-08-17 12:10:01
伊犁高能时代生物能源有限公司,伊宁市生活垃圾填埋场北侧,2023-03-15 12:10:01
瀚蓝(贵阳)固废处理有限公司,贵州省贵阳市白云区麦架镇摆茅村水井凹,2022-12-10 09:35:03
上高海创环保科技有限公司,江西省宜春市上高县黄金堆工业园320国道900公桩旁,2020-01-15 10:00:00
哈尔滨京环环保资源开发利用有限公司,哈尔滨市松北区乐业镇兴旺村,2022-11-26 09:35:04
上海城投瀛洲生活垃圾处置有限公司,崇明县港沿镇港沿公路4098号,2020-01-15 10:00:00
宣城中科环保电力有限公司,安徽省宣城市经济技术开发区古泉镇睦马村金坝长桥路以西,2020-01-15 10:00:00
渭南产投三峰环保能源有限公司,陕西省渭南市华州区高塘镇街道,2023-09-01 12:10:02
重庆三峰百果园环保发电有限公司,重庆市江津区西湖镇青泊村330号,2020-01-15 10:00:00
磁县中懋能源科技有限公司,河北省邯郸市磁县时村营乡西小屋村东（河北磁县经济开发区内）,2022-03-18 09:35:06
瀚蓝（济宁）固废处置有限公司,济宁市任城区李营北尧村垃圾处理厂,2021-02-23 15:47:50
光大再生能源（南京）有限公司,江苏省南京市高淳区东坝镇新源路1号,2020-01-15 10:00:00
邵阳泰达环保有限公司,湖南省邵阳市洞口县花古街道龙家寨,2023-08-23 12:10:01
开封中节能再生能源有限公司,开封市祥符区范村乡元府庄村87号,2020-01-15 10:00:00
崇左中电环保有限公司,广西壮族自治区崇左市宁明县天西村生活垃圾填埋场东南侧,2023-03-22 12:10:01
鹿邑旺能环保能源有限公司,周口市鹿邑县涡北镇前李村,2021-10-21 09:35:45
海安天楹环保能源有限公司,江苏省海安县高新区达欣大道28号,2020-01-15 10:00:00
福州市保罗再生资源开发有限公司,永泰县塘前乡大樟村,2021-07-20 09:35:16
颍上皖能环保电力有限公司,颍上县循环经济园,2020-01-15 10:00:00
青岛康恒再生能源有限公司,山东省青岛市红岛经济区河套街道小涧西社区固体废弃物综合处置中心以北500米,2020-06-04 09:35:04
光大环保能源（南阳）有限公司,南阳市卧龙区潦河镇大周庄南阳市生态环保静脉产业园,2021-09-08 09:35:12
潜江首创博朗绿色能源有限公司,潜江市总口管理区陶河岭分场,2021-10-29 09:35:03
广环投光国环保能源（邵东）有限公司,湖南省邵阳市邵东市火厂坪镇木林村,2023-03-10 12:10:01
岳阳锦能环境绿色能源有限公司,云溪区陆城镇径港村,2020-03-10 09:35:38
兴国县华赣环境有限公司,兴国县埠头乡围子上,2022-07-01 09:35:04
三河康恒再生能源有限公司,三河市泃阳镇小定福庄村西南,2021-11-15 09:35:14
光大环保能源（辽阳）有限公司,辽阳市宏伟区兰家镇石灰村泉水组小西沟,2022-01-29 09:35:03
桐庐新固源环保科技有限公司,浙江省桐庐县桐庐县桐君街道濮家庄樟高坞,2021-10-13 09:35:03
城发环保能源（辉县）有限公司,辉县市百泉镇上吕村北侧,2021-09-17 14:15:13
山东郓城圣元环保电力有限公司,山东省郓城县张营镇二十里铺村西,2020-01-15 10:00:00
山西中科通汇新能源有限公司,山西省运城市夏县庙前镇文家庄村第五组岭上地,2023-02-03 12:10:01
成都威斯特再生能源有限公司,四川省成都邛崃市宝林镇凤山村,2021-08-04 09:35:05
上海嘉定再生能源有限公司,上海市嘉定区外冈镇古塘村688号,2020-01-15 10:00:00
安丘泰达环保有限公司,山东省潍坊市安丘市石堆镇店子村南206国道以北,2022-11-02 09:35:05
江苏大吉环保能源滨海有限公司,江苏大吉环保能源滨海有限公司,2020-01-15 10:00:00
淄博绿能环保能源有限公司,山东省淄博市淄川区昆仑镇小范村村委南侧,2020-01-15 10:00:00
武威光大环保能源有限公司,甘肃省武威市凉州区静脉产业园办公楼201室,2021-07-20 09:35:16
临邑高能环境生物能源有限公司,德州是临邑县天安化工园区,2021-03-23 14:57:28
敦化市中能环保电力有限公司,敦化市东郊六公里德胜西岗（垃圾填埋场）江南镇小站村东G302国道约1000米,2021-03-10 09:35:04
新沂高能环保能源有限公司,徐州市徐州市新沂市双塘镇袁湖村西北侧,2021-02-06 09:35:02
黄冈中电山水环保发电有限公司,湖北省黄冈市黄州区火车站经济开发区杨鹰岭大道和张扬路交汇处西南角,2022-11-02 09:35:05
巴中威澳环保发电有限公司,巴中市巴州区光辉乡哨台村,2020-01-15 10:00:00
重庆市武隆区三峰新能源发电有限公司,重庆市武隆区火炉镇车坝村连二塘组,2021-12-22 09:35:03
大名县康恒再生能源有限公司,河北省邯郸市大名县旧治乡李六牌村西北角,2022-03-25 09:35:06
瀚蓝（平和）固废处理有限公司,福建省漳州市平和县文峰镇安厚农场西蝉作业区268号,2022-12-28 09:35:04
高邮泰达环保有限公司,江苏省高邮市龙虬镇兴南村,2020-01-15 10:00:00
达州佳境环保再生资源有限公司（生活垃圾焚烧发电项目）,通川区复兴镇九龙村五组,2020-01-15 10:00:00
光大环保能源（南京）有限公司,南京市江宁区江宁街道静脉产业园1号,2020-01-15 10:00:00
张家口海创环境能源有限责任公司,张北县油篓沟镇大山尖村,2023-02-21 12:10:01
中交未名（唐山）环保电力有限公司,唐山市曹妃甸区曹妃甸装备制造园区兴港南三路南侧,2022-02-09 09:35:03
桂平市金山环保工程有限公司,桂平市蒙圩镇龙门陶瓷工业区中心大道南10米,2023-02-22 12:10:01
巨野县圣元环保电力有限公司,山东省菏泽市巨野县董官屯镇长宁路以西华宁路以北,2022-10-01 09:35:02
洋县海创环保科技有限责任公司（垃圾焚烧）,陕西省汉中市洋县谢村镇,2020-05-27 09:35:01
枣阳康恒新能源有限公司,湖北省枣阳市南城化工园区,2022-03-18 09:35:06
公主岭德联生物质能源有限公司,公主岭市苇子沟乡苇子沟村2屯,2020-01-26 09:20:05
盘锦京环环保科技有限公司,双台子区陆家镇,2022-05-31 09:35:05
菏泽市定陶区深能环保有限公司,山东省菏泽市定陶区滨河街道办事处垃圾填埋场北侧定陶深能环保有限公司,2021-05-11 09:35:07
重庆丰盛三峰环保发电有限公司,重庆市巴南区丰盛双碑村三组299号,2020-01-15 10:00:00
邹平光大环保能源有限公司,山东省滨州市邹平县韩店镇西北,2020-01-15 10:00:00
朔州绿动南山环境能源有限公司,朔州市朔城区沙塄河乡张家嘴村村委会（孙卫利房屋）,2023-06-01 12:10:02
深圳市能源环保有限公司宝安垃圾发电厂(一期),深圳市宝安区松岗街道塘下涌老虎坑环境园,2020-01-15 10:00:00
光大环保能源（日照）有限公司,日照经济技术开发区常州路9号,2020-01-15 10:00:00
秦皇岛伟明环保能源有限公司,河北省秦皇岛市抚宁区留守营镇北街喜顺家园2栋4单元601室,2023-04-24 12:10:01
深圳市能源环保有限公司宝安垃圾发电厂（三期）,广东省深圳市宝安区燕罗街道老虎坑环境园,2020-05-01 09:35:02
瀚蓝（孝感）固废处理有限公司,湖北省孝感市孝南区新铺镇新发大道527-1号,2021-08-27 09:35:16
太原环晋再生能源有限公司,山西省综改示范区阳曲产业园区盘威路10号,2021-04-08 09:35:05
北控环境再生能源（张家港）有限公司（静脉科技产业园项目）,张家港市静脉科技产业园,2023-07-17 12:10:01
遵化泰达环保有限公司,唐山市遵化市遵化经济开发区金山工业园,2022-02-09 09:35:03
费县光大环保能源有限公司,费县费城街道田石公路北沂州水泥厂西邻,2020-01-15 10:00:00
六枝特区龙马环境工程有限公司,贵州省六盘水市六枝特区新窑乡,2021-11-23 09:35:47
光大环保能源（儋州）有限公司,海南省儋州市那大镇光大环保大道1号,2021-01-13 09:35:02
光大环保能源（固始）有限公司,河南省固始县产业集聚区凤凰大道西段9号,2022-01-29 09:35:03
双城市格瑞电力有限公司,双城市幸福街道久援村南大洼,2020-01-15 10:00:00
天津滨海环保产业发展有限公司（滨海新区大港垃圾焚烧发电厂）,济民街262号,2020-01-15 10:00:00
嘉善伟明环保能源有限公司,嘉善县姚庄镇界泾港村,2020-01-15 10:00:00
巨鹿县聚力环保有限公司,巨鹿县小吕寨镇西3000米,2020-01-15 10:00:00
民权天楹环保能源有限公司,民权县三一零国道北侧西环路西450米处,2022-03-02 09:35:03
光大环保能源（灵璧）有限公司,安徽省宿州市灵璧县尹集镇,2020-01-15 10:00:00
瑞科际再生能源股份有限公司,厦门市翔安区新圩镇白云飞厦门市东部固体废物处理中心内,2022-11-26 09:35:04
光大环保能源（永新）有限公司,江西省吉安市永新县高桥楼镇溶江村,2021-12-27 16:15:59
唐山嘉盛新能源有限公司,唐山市丰润镇西马村,2020-01-15 10:00:00
平阳绿动环保能源有限公司,温州市平阳县鳌江镇钱仓社区东江村,2021-08-10 14:12:57
中节能（天水）环保能源有限公司,天水市经济技术开发区社棠工业园,2020-01-15 10:00:00
青岛环境再生能源有限公司,红岛经济区河套街道小涧西社区,2020-01-15 10:00:00
乐陵光大环保能源有限公司,乐陵市循环经济示范园园区八路北侧乐陵光大环保能源有限公司,2021-03-06 09:35:02
平潭北厝垃圾焚烧发电有限公司,福建省平潭综合实验区北厝镇先建村西壁25号,2020-01-15 10:00:00
光大环保能源(昭通)有限公司,昭通市昭阳区永丰镇海边村,2021-11-02 09:35:05
海诺尔（宜宾）环保发电有限公司,四川省宜宾市高县胜天镇铜鼓村,2020-01-15 10:00:00
中节能（曲周）环保能源有限公司,河北省邯郸市曲周县第四疃镇大弟八村村东,2021-10-02 09:35:07
瀚蓝（廊坊）固废处理有限公司,安次区落垈镇苏庄村,2020-01-15 10:00:00
东莞粤丰环保电力有限公司,东莞市南城区水濂山路,2020-01-15 10:00:00
茂名粤丰环保电力有限公司,广东省茂名市电白区林头镇火莲塘,2021-01-06 09:35:07
阜宁协鑫再生能源发电有限公司,阜宁县澳洋工业园区纬一路88号,2020-01-15 10:00:00
杭州绿能环保发电有限公司,杭州市滨江区浦沿街道山二村风紫墩６８号,2020-01-15 10:00:00
昆明丰德环保电力有限公司,昆明市呈贡新区吴家营乡段家营村老荒山,2020-01-15 10:00:00
余干绿色能源有限公司,余干县黄金埠镇坞石嘴,2021-06-08 09:35:19
永丰伟明环保能源有限公司,江西省吉安市永丰县坑田镇模源村永丰伟明环保能源有限公司,2022-03-04 09:35:03
中节能（资阳）环保能源有限公司,四川资阳雁江区宝台镇江河坝村13组,2021-02-06 09:35:02
伊春中科环保电力有限公司,黑龙江省伊春市伊春区循环经济园区内,2020-01-15 10:00:00
长兴新城环保有限公司,浙江省湖州市长兴县夹浦镇,2020-01-15 10:00:00
保山海创环保科技有限责任公司,保山市隆阳区永盛街道团山村,2021-09-19 09:35:04
光大环保能源（博罗）有限公司,广东省惠州市博罗县湖镇镇新作塘村花果山,2020-01-15 10:00:00
沈阳西部环境有限公司,辽宁省沈阳市经济技术开发区经济技术开发区细河二十七北街,2020-03-01 09:35:29
无锡锡东环保能源有限公司,无锡市锡山区东港镇黄土塘村,2020-01-15 10:00:00
漯河城发环保能源有限公司,河南省漯河市源汇区空冢郭乡107国道东雷鸣工业园2号院,2021-12-04 09:35:34
光大生物能源（怀远）有限公司,安徽省蚌埠市怀远县荆芡乡,2020-01-15 10:00:00
漳州环境再生能源有限公司,龙海市榜山镇雩林村漳州环境再生能源有限公司,2020-01-15 10:00:00
安吉旺能再生资源利用有限公司,湖州市安吉县递铺镇长弄口,2020-01-15 10:00:00
温州绿动环保能源有限公司,温州市永嘉县三江街道后江村,2021-06-22 09:35:03
攀枝花旺能环保能源有限公司,攀枝花市仁和区大龙潭乡迤资村码头组,2020-01-15 10:00:00
德长环保股份有限公司（德力西长江环保投资有限公司）,浙江省温州市乐清市柳市镇蟾西村春泉路288号,2020-01-15 10:00:00
中节能萍乡环保能源有限公司,萍乡市湘东区下埠镇杞木村,2020-01-15 10:00:00
扬州天楹环保能源有限公司,扬州市江都区宜陵镇七里社区,2020-10-27 09:35:02
宜春绿色动力再生能源有限公司,江西省宜春市经济技术开发区东侧,2020-07-02 10:43:34
光大环保能源（宝应）有限公司,扬州市宝应县望直港镇光大路1号,2020-01-15 10:00:00
光大环保能源(苏州)有限公司,苏州市木渎镇七子村南侧万禄路189号,2020-01-15 10:00:00
绵阳中科绵投环境服务有限公司,绵阳市涪城区玉皇镇坚堡梁村八社,2020-01-15 10:00:00
重庆三峰夔门新能源有限公司,重庆市奉节县康乐镇横路社区一小组,2023-10-21 12:10:01
嘉兴市绿色能源有限公司,嘉兴市南湖区大桥镇步云花园路43号,2020-01-15 10:00:00
酒泉海创环保能源有限责任公司,甘肃省酒泉市肃州区工业园街道解放路社区泰安路2号,2021-09-07 11:59:01
徐州鑫盛润环保能源有限公司,徐州市铜山区大彭镇,2020-09-05 09:35:02
三明市金利亚环保科技投资有限公司,福建省三明市三元区莘口镇黄砂村渡头平红滩,2020-01-15 10:00:00
光大绿色环保能源（沙洋）有限公司,湖北省荆门市高阳镇向阳大道518号,2021-06-17 09:35:06
射洪川能环保有限公司,射洪市太和镇,2021-03-31 09:35:14
焦作绿博城发环保能源有限公司,河南省焦作市博爱县磨头镇大礼元村东200米,2023-04-18 12:10:01
都昌县首创环保能源有限公司,江西省九江市都昌县蔡岭工业园庐山大道旁,2022-02-08 09:35:02
梁山县圣元环保电力有限公司,山东省济宁市梁山县杨营镇大杨村东梁山县圣元环保电力有限公司,2021-09-19 09:35:04
宁夏天楹环保能源有限公司,宁夏固原市原州区头营镇新材料产业园区,2023-02-23 12:10:01
保定粤丰科维环保电力有限公司,河北省保定市满城区于家庄乡汤村村北,2021-06-26 09:35:03
徐州协鑫环保能源有限公司,徐州经济技术开发区开荆山路66号,2020-01-15 10:00:00
光大环保能源（张家界）有限公司,张家界市永定区阳湖坪街道新园区社区四组,2023-01-17 12:10:01
中节能（南部县）环保能源有限公司,南部县中小企业孵化园企业公关服务平台4楼,2021-03-25 09:35:03
铁岭中电环保发电有限公司,铁岭市铁岭县,2022-04-20 09:35:03
瀚蓝绿电固废处理（佛山）有限公司,广东省佛山市南海区狮山镇林场大榄分场,2020-01-15 10:00:00
光大环保能源（九江）有限公司,九江市柴桑区赤湖工业园通江西大道001号,2021-02-09 09:35:04
德江中环环保新能源有限公司（垃圾焚烧）,贵州省德江县煎茶镇煎茶社区老木关德江盛运环保电力有限公司,2020-01-15 10:00:00
新苏绿色能源（锦州）有限公司,锦州市太和区中信快速干道北侧,2022-05-11 09:35:03
菏泽锦江环保能源有限公司,山东省菏泽市高新区马岭岗镇黄庙村南500米,2021-12-25 09:35:05
威海环境再生能源有限公司,威海市张村镇前双岛村东南垃圾处理厂,2020-01-15 10:00:00
光大环保能源（潍坊）有限公司,潍坊滨海经济技术开发区昌乐（滨海）特色产业园临港路与辽河西街交叉口西北角,2020-01-15 10:00:00
山东曹县圣元环保电力有限公司,曹县磐石办事处姚寨村,2020-01-15 10:00:00
河北锦宝石循环资源开发集团有限公司,邢台市柏乡县南阳经济开发区,2021-07-21 09:35:07
魏县德尚环保有限公司,河北省邯郸市魏县经济开发区经三路南,2020-01-15 10:00:00
福州沪榕海环再生能源有限公司,福州市晋安区红庙岭循环经济生态产业园生活垃圾焚烧协同处置项目,2021-12-17 09:35:03
婺源伟明环保能源有限公司,江西省上饶市婺源县工业园区生活垃圾填埋场南侧,2021-08-11 09:35:05
广饶康恒环保能源有限公司,广饶县广饶街道杜疃东村,2022-03-17 09:35:03
徐闻粤丰环保电力有限公司,广东省湛江市徐闻县南山镇北草岭Y384北侧,2021-01-26 09:35:02
武汉市绿色环保能源有限公司,武汉市江夏区郑店街雷竹村武汉市绿色环保能源有限公司,2020-01-15 10:00:00
中节能（贞丰）环保能源有限公司,贵州省黔西南州布依族苗族自治州贞丰县龙场循环工业园区,2022-07-20 09:35:04
光大环保能源（富平）有限公司,陕西省渭南市富平县留古镇三寨村张觅路南侧,2020-10-16 09:35:10
光大环保能源（汝州）有限公司,汝州市王寨乡胡庄村晋庄南部,2021-01-14 09:35:02
浦湘生物能源股份有限公司,湖南省长沙市望城区桥驿镇浦湘生物能源股份有限公司办公楼,2020-01-15 10:00:00
光大环保能源（宿迁）有限公司,宿迁市宿城区复旦路66号,2020-01-15 10:00:00
遂川首创环保能源有限公司,遂川县雩田镇木牛洲垃圾填埋场北侧,2021-05-25 09:35:08
海宁绿色动力再生能源有限公司,海宁市盐官镇郭店村观潮大道888号,2020-01-15 10:00:00
澄江伟明环保科技有限公司,云南省玉溪市澄江市九村镇工业园区东溪哨片区原垃圾焚烧厂,2023-07-21 12:10:01
惠州广惠能源有限公司,广东省惠州市惠城区龙丰共联路,2020-08-19 09:35:01
中节能（烟台）环保能源有限公司,山东省烟台市经济技术开发区上海大街95号,2021-05-26 09:35:26
文安润电环保有限公司,河北省廊坊市文安县德归镇北三岔口村,2022-11-16 14:06:54
昆明三峰再生能源发电有限公司,云南省昆明市官渡区大板桥街道办事处沙井社区沙井村獐子沟,2020-01-15 10:00:00
青州益源环保有限公司,青州市经济开发区房古村马氏路西300米,2021-05-19 11:36:19
亳州洁能电力有限公司,安徽省亳州市谯城区十河镇崔庄,2020-01-15 10:00:00
鄱阳县绿色东方再生能源有限公司,江西省上饶市鄱阳县游城乡北塘村,2021-09-14 09:35:04
光大环保能源(孝昌)有限公司,湖北省孝感市孝昌县生活垃圾填埋场南侧,2021-07-22 09:35:10
光大环保能源（新郑）有限公司,河南省新郑市辛店镇贾咀村,2020-01-15 10:00:00
蚌埠绿色动力再生能源有限公司,蚌埠市龙子湖区李楼乡垃圾填埋场B库区,2020-01-15 10:00:00
林州市嘉盛新能源有限公司,林州市,2021-10-19 09:35:17
厦门市政环能股份有限公司海沧厂,厦门市海沧区海沧南大道369号,2020-01-15 10:00:00
温岭绿能新能源有限公司,温岭市滨海镇温岭市东部新区北面长新塘内,2020-01-15 10:00:00
柳州康恒新能源有限公司,广西壮族自治区柳州市鱼峰区区里雍镇立冲村立冲沟静脉产业园内,2022-09-16 09:35:06
光大环保能源（新蔡）有限公司,新蔡县今是街道黄店村驻新路南侧,2021-06-23 09:35:03
中节能（东光）环保能源有限公司,东光县灯明寺,2021-09-25 09:35:24
德惠市德佳环保能源有限公司,吉林省德惠市经济开发区太兴村,2020-01-15 10:00:00
重庆市永川区三峰环保发电有限公司,重庆市永川区陈食街道芋荷湾村,2020-12-15 09:35:02
邯郸中电环保发电有限公司,河北省邯郸市永年区东杨庄镇许庄村西南,2021-10-02 09:35:07
广东顺控环境投资有限公司,右滩村象山尾,2020-01-15 10:00:00
重庆合川三峰新能源发电有限公司,重庆市合川区狮滩镇交通街196号附1号,2022-01-22 09:35:06
汾阳中科渊昌再生能源有限公司,汾阳中科渊昌再生能源有限公司,2020-01-15 10:00:00
佛山市绿能环保有限公司,佛山市高明区明城镇苗村白石坳,2021-12-31 09:35:03
吉林市双嘉环保能源利用有限公司,吉林市珲春北街3588号,2020-01-15 10:00:00
临夏鹭鸿环保电力有限公司,甘肃省临夏州临夏市南龙镇罗家湾村阳屲沟临夏生活垃圾焚烧发电项目,2022-08-04 09:35:03
松原鑫祥新能源有限公司,松原市宁江区雅达虹工业集中区,2020-01-15 10:00:00
珠海信环环保有限公司,珠海市斗门区斗门蛛山北路2号,2020-01-15 10:00:00
临沭光大环保能源有限公司,山东省临沭县,2020-01-15 10:00:00
光大城洁环保能源（张家口）有限公司,河北省张家口市桥东区金隅水泥厂北侧,2021-12-08 09:36:12
东莞市科伟环保电力有限公司,东莞市横沥镇西路,2020-01-15 10:00:00
东港康恒能源环境有限公司,丹东市东港市马家店镇油坊村小油坊组,2022-12-30 09:35:04
德州润电环保有限公司,德州市陵城区宋家镇政府西邻249省道西侧,2022-06-21 09:35:03
中节能（莱西）环保能源有限公司,青岛市莱西市姜山镇宋家泽口村北,2020-06-04 09:35:04
睢宁宝源新能源发电有限公司,江苏省徐州市睢宁县桃园镇苏河村（原朱集砖瓦厂）,2020-01-15 10:00:00
中节能（鹤岗）环保能源有限公司,黑龙江省鹤岗市东山区鹤矿集团南山林场一连,2022-12-16 09:35:04
深圳广业环保再生能源有限公司,广东省深圳市龙岗区平湖街道富安大道38号,2020-01-15 10:00:00
城发环保能源（安阳）有限公司,安阳市龙安区马投涧镇G341国道与X015县道交叉口北600米路西,2021-12-31 09:35:03
光大绿色环保城乡再生能源（临洮）有限公司,定西市临洮县经济开发区中铺工业园区,2021-09-23 09:35:06
中节能（合肥）可再生能源有限公司,合肥循环经济示范园天工大道西侧,2020-01-15 10:00:00
苏州吴江光大环保能源有限公司,苏州市吴江太湖新城汤华村（苏同黎公路西侧）,2020-01-15 10:00:00
汕头市恒建科创生物质发电有限公司,广东省汕头市金平区鮀莲街道雷打石片区,2020-04-03 09:35:02
河北雄安光大生态产业园有限公司,河北雄安新区雄县马务头村南,2023-11-06 12:10:01
金寨海创环境工程有限责任公司,六安市金寨县,2020-01-15 10:00:00
成都市兴蓉万兴环保发电有限公司二分公司,成都市青羊区羊市街28号1层4号,2021-06-24 09:35:03
霍邱海创环境工程有限责任公司,安徽省六安市霍邱县石店镇双庄村,2020-01-15 10:00:00
福泉海创环保科技有限责任公司,福泉市牛场镇,2020-04-09 09:35:02
福安市赛岐垃圾焚烧发电有限公司,福安市赛岐镇廉首村梅洋地块,2021-04-27 09:35:08
招远盛运环保电力有限公司,招远市大秦家街道梧桐夼羊坡岭,2020-01-15 10:00:00
中节能抚州环保能源有限公司,江西省抚州市临川区抚北工业园区,2020-01-15 10:00:00
光大环保能源（五华）有限公司,广东省梅州市五华县安流镇黄牛塘1号,2021-02-20 09:35:04
仙游兴鸿环保电力有限公司,福建省莆田市仙游县书峰乡鲤岭村新厝66号,2020-06-13 09:35:01
中山市广业龙澄环保有限公司,广东省中山市神湾镇外沙村南部组团垃圾处理基地第一栋,2020-01-15 10:00:00
东营华源新能源有限公司,东营市垦利区零排路6号,2020-01-15 10:00:00
新昌县环新再生能源有限公司,新昌县城南乡眉岱村,2021-12-23 09:35:10
营山三峰环保能源有限公司,南充市营山县回龙镇团山村3组,2021-01-23 09:35:01
北海北控环境科技发展有限公司,合浦县乌家镇龙秋井村,2022-09-27 09:35:04
南宁市三峰能源有限公司,兴宁区南梧公路189号,2020-01-15 10:00:00
昆明鑫兴泽环境资源产业有限公司,昆明市五华区西翥街道大凹村,2020-01-15 10:00:00
海口中电第二环保发电有限公司老城环保发电厂,澄迈县老城开发区仲音路,2021-03-24 09:35:03
重庆黔江三峰环保产业发展有限公司（生活垃圾焚烧发电厂）,重庆市黔江区城南街道新黔大道1337号,2022-12-21 09:35:03
德兴海创环保科技有限责任公司,上饶市德兴市高新技术产业园区,2021-06-08 09:35:19
中节能（昌乐）环保能源有限公司,昌乐县五图街道昌大路与战备路交叉口西200米路北,2022-08-13 09:35:02
光大环保能源（衡南）有限公司,衡阳市衡南县云集街道河市村,2022-02-26 09:35:03
天津光大兴辰环保能源有限公司,天津市北辰区双口镇双成路1号,2021-05-21 09:35:14
章丘绿色动力再生能源有限公司,山东省济南市章丘区高官寨街道魏化林村村北,2020-01-15 10:00:00
光大环保能源(三亚)有限公司（垃圾焚烧发电厂）,三亚市天涯区凤凰镇水蛟村工业园路光大一横路1号,2020-01-15 10:00:00
德宏粤丰环保电力有限公司,中国（云南）自由贸易试验区德宏片区瑞丽市G56杭瑞高速路北侧钉子厂西侧,2022-01-01 09:35:04
泰州绿色动力再生能源有限公司,泰州市农业开发区东南环路1号,2020-01-15 10:00:00
安庆皖能中科环保电力有限公司,安徽省安庆市大观区山口乡联胜村,2020-01-15 10:00:00
中节能（蔚县）环保能源有限公司,河北省张家口西合营镇羊圈堡村,2021-10-28 09:35:02
瑞安市伟明环保能源有限公司,瑞安市上望街道垃圾填埋场内,2020-01-15 10:00:00
德清旺能环保能源有限公司,德清县新市镇查亩头枫洋水泥厂,2020-01-15 10:00:00
晋城中科绿色能源有限公司,山西省泽州县巴公镇靳庄村西北约420m处,2022-07-28 09:35:02
楚雄东方新能源环保有限公司,云南省楚雄州楚雄市苍岭镇黄草坪垃圾填埋场,2020-01-15 10:00:00
光大环保能源（嵊州）有限公司,嵊州市剡湖街道罗南村静脉产业园区,2021-03-02 09:35:02
舒城海创环保科技有限责任公司,安徽省六安市舒城县城关镇春秋塘,2023-05-22 12:10:01
株洲市金利亚环保科技有限公司,湖南省株洲市石峰长石村株洲垃圾发电厂,2020-01-15 10:00:00
万年县伟明环保能源有限公司,上饶市万年县石镇镇凤巢工业园区,2020-01-15 10:00:00
周口海创环境能源有限责任公司,河南省周口市扶沟县银山路与工业大道交叉口向南100米,2022-07-25 10:36:39
深圳市深能环保东部有限公司,深圳市龙岗区坪地街道四方埔社区环保路1号,2020-05-01 09:35:02
溆浦鹏程环保有限公司,湖南省怀化市溆浦县卢峰镇红远村34组,2022-09-14 09:35:19
兴宁康恒环保能源有限公司,兴宁市新陂镇茅塘村大窝里,2021-11-05 09:35:03
防城港中科绿色能源有限公司,防城港市港口区公车镇白沙村,2020-01-15 10:00:00
南通天楹环保能源有限公司,江苏省通州湾江海联动开发示范区江珠路南侧临海高等级公路西侧,2021-07-22 09:35:10
阿克苏三峰广翰环保发电有限公司,阿克苏经济技术开发区杭州南路和纬九路交界处,2021-02-26 09:35:02
芜湖绿洲环保能源有限公司,芜湖市经济技术开发区大件路1号,2020-01-15 10:00:00
赣州恩菲环保能源有限公司,赣县王母渡镇新兴村榴坑里,2020-01-15 10:00:00
登封绿色动力再生能源有限公司,登封市告成镇茶亭沟村茶亭沟社区北300米,2022-03-31 09:35:08
光国环保能源（无锡）有限公司,无锡市锡山区东港镇黄土塘村（无锡锡东环保能源有限公司）,2021-12-31 09:35:03
宣城瀚蓝固废处理有限公司,安徽省宣城经济开发区金坝长桥路以西,2021-02-21 09:35:02
灌南新苏国丰新能源有限公司,连云港市灌南县新集镇孙庄村,2020-03-03 09:36:20
随州海诺尔环保发电有限公司,随州市万店镇夹子沟村,2022-01-06 09:35:03
昆山鹿城垃圾发电有限公司,昆山市巴城镇石牌街道夏东村兆良路999号,2020-01-15 10:00:00
湖南惠明环保科技有限公司,湖南省郴州市苏仙区马头岭乡板子楼村,2020-01-15 10:00:00
河池旺能环保能源有限公司,河池市德胜生活垃圾处理场内,2020-01-15 10:00:00
梧州康恒再生能源有限公司,广西梧州市龙圩区新地镇古令村底廨组,2020-08-19 09:35:01
信丰粤丰环保电力有限公司,信丰县嘉定镇长生村长坑仔094乡道西侧,2020-01-15 10:00:00
三门峡绿能环保能源有限公司,陕州区,2022-11-25 09:35:03
平果海创环保科技有限责任公司,平果市平果工业区循环经济产业园,2022-05-28 09:35:05
栖霞光大环保能源有限公司,栖霞市翠屏街道松江路16号,2020-07-28 09:35:01
莱州海康环保能源有限公司,莱州市程郭镇后王门村东南莱州海康环保能源有限公司,2022-09-24 09:35:03
平邑天楹环保能源有限公司,平邑县丰阳镇西峨庄村,2022-05-20 09:35:04
长垣川能环保能源发电有限公司,河南省长垣县蒲东区长石路南侧丹庙村耕地北侧,2021-03-13 09:35:05
武汉深能环保新沟垃圾发电有限公司,武汉市东西湖区新沟镇惠安大道129号,2020-01-15 10:00:00
宁波奉环再生能源有限公司,浙江省宁波市奉化区白杜南岙村,2021-11-19 11:13:07
北京华源惠众环保科技有限公司,北京市昌平区小汤山镇阿苏卫生活垃圾焚烧发电厂,2020-01-15 10:00:00
珠海市城市固体废弃物处理中心,广东省珠海市香洲区前山南溪西坑尾横坑,2020-01-15 10:00:00
唐山洁城能源股份有限公司,唐山市丰南区尖子沽乡丰碱线与范彭线交叉口西南侧,2020-01-15 10:00:00
阜南绿色东方环保能源有限公司,阜南县苗集镇平安村,2020-01-15 10:00:00
瀚蓝（万载）固废处理有限公司,江西省宜春市万载县鹅峰乡东田村14组,2021-03-19 09:35:04
光大环保能源（沈阳）有限公司,沈阳市沈北新区财落街道郎士屯社区,2020-03-01 09:35:29
光大环保能源（宜兴）有限公司,江苏省无锡市宜兴市新街街道蒲墅村北,2020-01-15 10:00:00
浙江诸暨八方热电有限责任公司,诸暨市,2020-01-15 10:00:00
金华乌拉环保能源有限公司,金华市婺城区城西街道环城西路776号,2020-01-15 10:00:00
瀚蓝（南平）固废处理有限公司,福建省南平市建阳区回瑶村长后坪,2020-01-15 10:00:00
光大环保能源（鹰潭）有限公司,江西省鹰潭市月湖区杨碧村马塘窝,2020-09-19 09:35:01
中节能（象山）环保能源有限公司,浙江省宁波市象山县东陈乡滨海工业园区旭日路88号,2021-12-16 09:35:04
重庆市万州区三峰环保发电有限公司,万州区新田镇五溪村1组,2020-01-15 10:00:00
蔚阳余热发电股份有限公司,蓬莱市北沟镇孙陶村蓬莱蔚阳水泥有限公司内,2020-01-15 10:00:00
留坝绿瑞环保技术有限公司（垃圾填埋场）,留坝县司法路,2022-11-04 09:35:12
湖南浦湘环保能源有限公司,湖南省长沙市望城区桥驿镇湖南浦湘环保能源有限公司办公楼,2021-11-23 09:35:47
襄阳恩菲环保能源有限公司,襄城区岘山1000号,2020-01-15 10:00:00
光大环保能源（东海）有限公司,江苏省连云港市东海县双店镇光大路88号,2021-08-19 09:35:15
中节能（龙南）环保能源有限公司,龙南经济技术开发区东江乡足洞,2023-08-29 12:10:01
库尔勒三峰广翰能源开发有限公司,库尔勒垃圾填埋场南侧,2020-07-14 09:35:03
乌鲁木齐市京环环境能源有限公司,乌鲁木齐市米东固废综合处理厂内,2022-06-07 09:35:05
西昌三峰环保发电有限公司,西昌市太和镇麻柳村4组及开元乡甘洛村1组,2020-01-15 10:00:00
成都中节能再生能源有限公司,成都市青白江区利民路1168号,2020-01-15 10:00:00
中节能（肥城）环保能源有限公司,山东省肥城市老城街道办事处乔庄村旧址,2020-01-15 10:00:00
光大环保能源（献县）有限公司,献县河城街镇小屯村北,2021-09-25 09:35:24
天津绿动环保能源有限公司,天津市宁河区廉庄镇卫星路北侧,2020-01-15 10:00:00
上海天马再生能源有限公司,上海市松江区青天路669号,2020-01-15 10:00:00
烟台市牟平区垃圾综合处理有限公司,烟台市牟平区武宁街道王从曲村对面,2020-01-15 10:00:00
瀚蓝（安溪）固废处理有限公司,福建省泉州市安溪县城厢镇涝港村,2020-01-15 10:00:00
城发环保能源（商水）有限公司,河南省周口市商水县商庆路北段城管局4楼,2022-03-19 09:35:04
光大环保能源（菏泽）有限公司,山东省菏泽市牡丹区安兴镇光大路666号,2020-04-20 11:10:19
曲靖云能投新能源发电有限公司,云南省曲靖市沾益区金龙街道玉光社区大明槽,2020-01-15 10:00:00
顺平县康恒再生能源有限公司,顺平县蒲阳镇顺望线与保阜高速交接处北侧东行600米路北,2022-05-26 09:35:09
中节能（毕节）环保能源有限公司,贵州省毕节市金海湖新区,2020-03-03 09:36:20
荣成市长青环保能源有限公司,荣成市凭海西路268号,2020-01-15 10:00:00
鸡西德普环境资源有限公司,鸡西市鸡东县鸡东村常麻沟,2020-01-15 10:00:00
南昌首创环保能源有限公司,南昌市进贤县泉岭乡梁东村,2020-01-15 10:00:00
阳新深能侨银环保有限公司,湖北省黄石市阳新县陶港镇碧庄村静脉产业园内,2023-07-14 12:10:01
禹城光大环保能源有限公司,山东省德州市禹城市梁家镇赵稍门村北侧西北角,2021-03-02 09:35:02
铜川海创环境能源有限责任公司,陕西省铜川市耀州区董家河镇（陕西铜川凤凰建材有限公司厂内）,2021-12-23 09:35:10
砚山海创环境工程有限责任公司,云南省文山州砚山县维摩乡炭房高速连接线以东,2020-01-15 10:00:00
德宏海创环保科技有限责任公司,芒市轩岗乡芒广村,2021-08-04 09:35:05
光大常高新环保能源（常州）有限公司,常州滨江经济开发区港区南路10号,2020-01-15 10:00:00
茌平县国环再生能源有限公司,茌平县杜郎口何屯村北1公里,2020-01-15 10:00:00
厦门旭鸿环保电力有限公司,厦门市翔安区新圩镇诗林中路1501号101室,2023-08-31 12:10:01
中节能（咸宁崇阳）环保能源有限公司,崇阳县桂花泉镇静脉产业园,2022-04-20 09:35:03
瀚蓝（福清）固废处理有限公司,福清市龙江街道苍霞村西南山谷1公里处,2020-01-15 10:00:00
衡水冀州泰达环保有限公司,河北省衡水市冀州区冀州镇崔家寨村南西淄路18号,2022-02-22 09:35:08
温岭瀚洋资源电力有限公司,温岭市,2020-01-15 10:00:00
简阳粤丰环保发电有限公司,四川省成都市简阳市平泉街道新桥村5组,2021-07-01 09:35:04
福州市闽侯县康恒再生能源有限公司,福州市闽侯县鸿尾乡奎石村格里闽侯县环保生态产业园,2021-01-14 09:35:02
榆林绿能新能源有限公司,榆林市榆横工业园区榆马路南,2020-12-09 09:35:01
温州永强垃圾发电有限公司,浙江省温州市龙湾区永中街道度山村,2020-01-15 10:00:00
浙江伟明环保股份有限公司,鹿城区山福镇临江发电厂,2020-01-15 10:00:00
中节能（红河）环保能源有限公司,云南省红河哈尼族彝族自治州个旧市鸡街镇黑神庙坡工业园区,2022-03-07 13:17:21
承德海创能源科技有限责任公司,丰宁满族自治县经济开发区南二营村,2023-04-20 12:10:02
山西鸿狮腾达新能源有限责任公司,怀仁市海北头乡清泉村南,2023-07-24 12:10:01
杭州临江环境能源有限公司,91330100MA2B02NX2L,2021-10-01 09:35:11
洛阳润电环保有限公司,河南省洛阳市偃师区缑氏镇扒头村,2022-05-31 09:35:05
澧县海创环保科技有限责任公司,湖南省常德市澧县澧南镇,2020-01-15 10:00:00
天津泰达环保有限公司,天津市津南区双港镇泰新路1号,2020-01-15 10:00:00
祥云盛运环保电力有限公司,云南省大理白族自治州祥云财富工业园区管理委员会公共服务中心4楼,2023-05-31 12:10:01
中山市长青环保热能有限公司,中山市南朗镇蒂峰山中心组团垃圾综合处理基地1号楼,2020-01-15 10:00:00
牡丹江天楹环保能源有限公司,黑龙江省牡丹江市阳明区桦林工业园区对俄小企业园1号楼,2023-09-26 12:10:02
磐安伟明环保能源有限公司,金华市磐安县安文街道台口村,2022-09-23 09:35:03
城发环保能源（新安）有限公司,新安县正村镇白墙村垃圾发电厂,2022-04-12 09:35:03
杭州萧山锦江绿色能源有限公司,萧山区蜀山街道章潘桥村,2020-01-15 10:00:00
光大环保能源（桃江）有限公司,湖南省益阳市桃江县马迹塘镇,2022-12-07 09:35:03
光大环保能源（淳安）有限公司,浙江省淳安县金峰乡山后村西塘坞自然村3号,2020-01-15 10:00:00
崇仁康恒环境能源有限公司,江西省抚州市崇仁县郭圩乡程家村崇仁康恒环境能源有限公司,2022-01-07 09:35:03
白城市东嘉环保有限公司,白城市洮北经济开发区草原东路11888号,2023-08-08 12:10:01
光大环保能源（蓝田）有限公司,西安市蓝田县前卫镇王庄村北侧,2020-01-15 10:00:00
广元博能再生能源有限公司,广元经济技术开发区盘龙镇南山村三组,2020-01-15 10:00:00
潮州深能环保有限公司（潮安垃圾焚烧发电厂）,潮州市潮安区沙溪镇门第岭埔,2020-01-15 10:00:00
黔西南粤丰环保电力有限公司,贵州省兴义市郑屯镇绒泥村,2020-01-15 10:00:00
中节能（安平）环保能源有限公司,安平县高新技术产业开发区纬二路56号,2021-12-23 09:35:10
天津高能环保能源有限公司,天津市静海区陈官屯镇团大线静陈公路口西北角100米处,2021-04-03 09:35:03
长春市恒建科为新能源发电有限公司,德惠市米沙子镇南王村三社南侧,2022-01-04 09:35:06
邹城光大环保能源有限公司,邹城市唐王山前路66号,2020-01-15 10:00:00
绥阳海创环保科技有限责任公司,贵州省遵义市绥阳县蒲场镇高坊子村,2022-11-23 09:35:05
衡阳永清环保能源有限公司,湖南省衡阳市场衡阳县樟木乡塔兴村,2020-01-15 10:00:00
渠县旺能环保能源有限公司,四川省达州市渠县卷硐镇梨树村5组,2021-10-30 09:35:03
光大绿色环保城乡再生能源（大荔）有限公司,陕西省渭南市大荔县官池镇经济开发区科技西路,2021-05-10 09:35:05
乌兰察布瀚蓝固废处理有限公司,察哈尔工业园区,2021-03-18 09:35:03
商城县创志环保科技有限公司,商城县金刚台镇静脉产业园,2023-04-18 12:10:01
光大环保能源（平舆）有限公司,驻马店市平舆县万金店镇光达路1号,2021-03-05 09:35:03
定州市瑞泉固废处理有限公司,河北省定州市大奇连村旧址,2020-01-15 10:00:00
光大环保能源（丹阳）有限公司,丹阳市丹北镇胡高路666号,2020-03-18 12:06:23
辽宁抚矿三峰亿金环保能源开发有限责任公司,望花区演武街38号,2022-03-31 09:35:08
台州旺能再生资源利用有限公司,台州市蓬街镇十塘,2020-01-15 10:00:00
太原市同舟能源有限公司,太原市迎泽区郝庄镇新沟村环卫路1号,2020-01-15 10:00:00
罗甸伟明环保能源有限公司,贵州省黔南州罗甸县边阳镇者任村坡脚一组17号,2023-04-06 12:10:01
湛江市粤丰环保电力有限公司-麻章,湛江市麻章区冯村鹰岭,2020-01-15 10:00:00
诸城宝源新能源发电有限公司,诸城市人民东路7988号,2020-01-15 10:00:00
中节能（石家庄）环保能源有限公司,石家庄市装备制造基地（原栾城县窦妪工业区）,2020-01-15 10:00:00
大同富乔垃圾焚烧发电有限公司,大同市云冈区西韩岭乡马辛庄村东,2020-01-15 10:00:00
达州上实环保有限公司（生活垃圾焚烧发电项目）,河市镇金星村,2023-03-01 12:10:01
光大环保能源（屯昌）有限公司,海南省屯昌县屯城镇大洞村牛鼻岭,2020-10-13 09:35:02
梅州市三峰环保能源有限公司,广东省梅州市梅江区西阳镇奇龙坑,2020-01-15 10:00:00
贵州锦宁新能源有限公司,贵州省威宁县五里岗工业园区,2021-04-28 09:35:04
光大环保能源（陵水）有限公司,陵水县文罗镇生活垃圾卫生填埋场东南侧,2020-03-03 09:36:20
常熟浦发第二热电能源有限公司,沿江开发区长春路103号,2020-01-15 10:00:00
中节能（黄骅）环保能源有限公司,黄骅市羊二庄,2021-07-06 09:35:03
安顺绿色动力再生能源有限公司,安顺市西秀区轿子山镇,2020-01-15 10:00:00
中节能（商河）环保能源有限公司,山东省济南市商河县孙集镇十里坞村668号,2022-11-16 09:35:03
欧晟绿色燃料(揭阳)有限公司,揭阳市揭东区玉滘镇桥头村铁路顶地段中德金属生态城一幢27号,2022-06-24 09:35:04
北控环境（文昌）再生能源有限公司,海南省文昌市头菀办事处青山岭西侧生活垃圾焚烧发电厂,2020-01-15 10:00:00
重庆同兴垃圾处理有限公司,重庆市北碚区童家溪镇五星路101号,2020-01-15 10:00:00
旺能环保能源（江陵）有限公司,荆州市江陵县资市镇平渊村一组125号,2023-06-19 12:10:05
湖北中电官塘环保发电有限公司,湖北省麻城市歧亭镇车站路特1号,2022-10-18 09:35:03
忻州市洁晋发电有限公司,忻州市忻府区豆罗建材工业园区,2020-01-15 10:00:00
永城协鑫再生能源发电有限公司,永城市双桥镇马楼村,2020-01-15 10:00:00
汶上县圣元环保电力有限公司,山东省济宁市汶上县寅寺镇阳城路西50米汶上县圣元环保电力有限公司,2021-09-08 15:23:29
南京江北环保电力有限公司,南京江北环保电力有限公司,2023-03-13 12:10:01
桐城盛运环保电力有限公司,安徽省安庆市桐城市龙腾街道办事处和平组叶庄组,2020-01-15 10:00:00
常熟浦发热电能源有限公司,辛庄镇南湖农场浦发路,2020-01-15 10:00:00
瀚蓝（淮安）固废处理有限公司,淮安市园区工业园区通衢西道81号,2021-02-06 09:35:02
启东天楹环保能源有限公司,启东市北新镇滨江化工园区上海路308号,2020-01-15 10:00:00
新泰光大环保能源有限公司,新泰市新甫街道办事处龙山村北侧,2020-01-15 10:00:00
平湖市德长环保有限公司,平湖市独山港区海河路1555号,2020-01-15 10:00:00
樟树市伟明环保能源有限公司,宜春市樟树市观上镇林科所旁,2020-12-08 09:35:02
郑州航空港环保能源有限公司,尉氏县洧川镇英外村北1公里,2022-08-27 09:35:02
重庆市铜梁区天楹环保能源有限公司,重庆市铜梁区庆隆镇金源村4组86号,2022-05-12 09:35:05
石家庄市冀粤生物质能发电有限公司,石家庄装备制造基地元氏区营里村东,2020-06-30 09:35:02
广西平南县北控水务环保有限公司（生活垃圾焚烧发电厂）,平南县新桥农场,2022-10-15 09:35:02
温州市瓯海伟明垃圾发电有限公司,瓯海区南白象街道金竹村东庄,2020-01-15 10:00:00
吉林省鑫祥有限责任公司,吉林省长春市宽城区奋进乡小南村,2020-01-15 10:00:00
西华首创环保能源有限公司,西华县干校路与工业六路交汇处南侧,2020-04-15 09:35:01
阜平深能环保有限公司,河北省保定市阜平县王林口镇马坊村南侧,2022-09-09 09:35:04
北京高安屯垃圾焚烧有限公司,北京市朝阳区高安屯北街2号院502号楼,2020-01-15 10:00:00
临安绿能环保发电有限公司,杭州临安市锦南街道上杨路59号,2020-01-15 10:00:00
习水海创环保科技有限责任公司,贵州省遵义市习水县马临街道,2021-02-26 09:35:02
深圳市深能南部生态环保有限公司,广东省深圳市南山区妈湾大道1032号,2020-01-15 10:00:00
六安三峰环保发电有限公司,六安市裕安区城南镇紫园村,2020-01-15 10:00:00
安福伟明环保能源有限公司,江西省吉安市安福县枫田镇黄牛岭,2022-02-22 09:35:08
定远皖能环保电力有限公司,安徽省滁州市定远县范岗乡定明路范岗林场,2020-01-15 10:00:00
灵山县金利亚环保科技有限公司（灵山县生活垃圾焚烧发电项目）,灵山县灵城镇友谊路风子岭生活垃圾填埋场办公楼,2022-06-17 09:35:04
上海电气集团（肃宁）环保科技有限公司,肃宁县肃宁镇谭家庄,2023-11-07 12:10:06
莆田市圣元环保电力有限公司,莆田市秀屿区东庄镇锦山村胜利围垦垃圾焚烧发电厂,2020-01-15 10:00:00
青岛西海岸康恒环保能源有限公司,山东省青岛市黄岛区胶南街道孟家洼子村村西,2020-06-04 09:35:04
光大环保能源（沅江）有限公司,湖南省益阳市沅江市草尾镇和平村光大环保能源（沅江）有限公司,2023-01-17 12:10:01
光大环保能源（杭州）有限公司,杭州市余杭区中泰街道南峰村大坞里,2020-01-15 10:00:00
荆门高能时代环境技术有限公司,荆门市掇刀区迎宾大道静脉产业园二期,2021-07-03 09:35:02
白银三峰环保发电有限公司,白银市白银区赵家窑,2020-01-15 10:00:00
琼海中电环保发电有限公司（焚烧厂）,海南省琼海市嘉积镇生活垃圾焚烧发电厂,2021-04-03 09:35:03
北京顺政环保科技有限公司,北京市顺义杨镇西庞村南,2020-03-11 09:35:14
上海环城再生能源有限公司,上海嘉定区绥德路800号,2020-01-15 10:00:00
腾冲海创能源科技有限责任公司,腾冲市固东镇罗平社区,2021-05-21 09:35:14
光大环保能源（龙门）有限公司,龙门县龙华镇大坪村坪顶,2020-07-14 09:35:03
公安县旺能环保能源有限公司,公安县夹竹园镇前进村,2021-06-01 09:35:21
